ESTADO;COD PRODUTO;DESCRIÇÃO PRODUTO;NCM;COD PRINCIPAL;DESC. PRINCIPAL;COD IMOBILIZADO;DESC. IMOBILIZADO;COD GRUPO;DESC. GRUPO;COD CC;DESC CC;CONDICAO;APELIDO;CNPJ FORNEC;RAZÃO SOCIAL;Nº NFE;SERIE;ITEM Nfe;CHAVE ELETRÔNICA;QTD;P. UNIT.;TOTAL ITEM;VLR CONTABIL ;BASE ICMS;PERC ICMS;VLR ICMS;DT EMISSÃO;DT LANC;Dt Aquisição;Vlr.Aquis;Tot.Deprec;Vlr.Residual;Reaval.Mapa 2;Deemed Cost;Vlr.Consolid
NOVO;29588;MORSA PARA BANCADA Nº6                  ;82057000       ;;;26132;MORSA PARA BANCADA Nº6 MARCON ;2;FERRAMENTAS                                                 ;14-13;INTELLI IND.TERM.ELETR.LTDA MULTIPLEX-MANUTENÇÃO MECÂNICA;9;APELIDO;62338769/0001-71;MARTINELI COMERCIAL LTDA                                    ;427045;74;1;35250562338769000171550030004270451518981269      ;1;371,86;371,86;371,86;0;0;0;09/05/2025;02/06/2025;02/06/2025;337,46;11,24;326,22;0;0;326,22
NOVO;135563;MICRO RETIFICA 1/8 AT3170CT             ;84671190       ;;;26133;MICRO RETIFICA PNEUM 1/8 0.25HP 70000RPM AT3170CT PUMA ;2;FERRAMENTAS                                                 ;11-24;INTELLI IND.TERM.ELETR.LTDA - MATRIZ-FERRAMENTARIA;9;APELIDO;565813/0001-29;ANHANGUERA COMERCIO DE FERRAMENTAS LTDA.                    ;1395544;74;1;35250500565813000129550030013955441436409860      ;2;936,37;1872,74;1872,74;0;0;0;16/05/2025;02/06/2025;02/06/2025;849,75;28,32;821,43;0;0;821,43
NOVO;135563;MICRO RETIFICA 1/8 AT3170CT             ;84671190       ;;;26134;MICRO RETIFICA PNEUM 1/8 0.25HP 70000RPM AT3170CT PUMA ;2;FERRAMENTAS                                                 ;11-24;INTELLI IND.TERM.ELETR.LTDA - MATRIZ-FERRAMENTARIA;9;APELIDO;565813/0001-29;ANHANGUERA COMERCIO DE FERRAMENTAS LTDA.                    ;1395544;74;1;35250500565813000129550030013955441436409860      ;2;936,37;1872,74;1872,74;0;0;0;16/05/2025;02/06/2025;02/06/2025;849,75;28,32;821,43;0;0;821,43
NOVO;135599;CARRINHO PARA SERRAGEM                  ;99999999       ;;;26135;CARRINHO PARA SERRAGEM ;2;FERRAMENTAS                                                 ;14-13;INTELLI IND.TERM.ELETR.LTDA MULTIPLEX-MANUTENÇÃO MECÂNICA;9;APELIDO;31860004/0001-73;WILLIAM BONETTI CARVALHO LTDA                               ;35;72;1;35250531860004000173550010000000351007000935      ;10;460;4600;4600;0;0;0;23/05/2025;02/06/2025;02/06/2025;417,45;13,92;403,53;0;0;403,53
NOVO;135599;CARRINHO PARA SERRAGEM                  ;99999999       ;;;26136;CARRINHO PARA SERRAGEM ;2;FERRAMENTAS                                                 ;14-13;INTELLI IND.TERM.ELETR.LTDA MULTIPLEX-MANUTENÇÃO MECÂNICA;9;APELIDO;31860004/0001-73;WILLIAM BONETTI CARVALHO LTDA                               ;35;72;1;35250531860004000173550010000000351007000935      ;10;460;4600;4600;0;0;0;23/05/2025;02/06/2025;02/06/2025;417,45;13,92;403,53;0;0;403,53
NOVO;135599;CARRINHO PARA SERRAGEM                  ;99999999       ;;;26137;CARRINHO PARA SERRAGEM ;2;FERRAMENTAS                                                 ;14-13;INTELLI IND.TERM.ELETR.LTDA MULTIPLEX-MANUTENÇÃO MECÂNICA;9;APELIDO;31860004/0001-73;WILLIAM BONETTI CARVALHO LTDA                               ;35;72;1;35250531860004000173550010000000351007000935      ;10;460;4600;4600;0;0;0;23/05/2025;02/06/2025;02/06/2025;417,45;13,92;403,53;0;0;403,53
NOVO;135599;CARRINHO PARA SERRAGEM                  ;99999999       ;;;26138;CARRINHO PARA SERRAGEM ;2;FERRAMENTAS                                                 ;14-13;INTELLI IND.TERM.ELETR.LTDA MULTIPLEX-MANUTENÇÃO MECÂNICA;9;APELIDO;31860004/0001-73;WILLIAM BONETTI CARVALHO LTDA                               ;35;72;1;35250531860004000173550010000000351007000935      ;10;460;4600;4600;0;0;0;23/05/2025;02/06/2025;02/06/2025;417,45;13,92;403,53;0;0;403,53
NOVO;135599;CARRINHO PARA SERRAGEM                  ;99999999       ;;;26139;CARRINHO PARA SERRAGEM ;2;FERRAMENTAS                                                 ;14-13;INTELLI IND.TERM.ELETR.LTDA MULTIPLEX-MANUTENÇÃO MECÂNICA;9;APELIDO;31860004/0001-73;WILLIAM BONETTI CARVALHO LTDA                               ;35;72;1;35250531860004000173550010000000351007000935      ;10;460;4600;4600;0;0;0;23/05/2025;02/06/2025;02/06/2025;417,45;13,92;403,53;0;0;403,53
NOVO;135599;CARRINHO PARA SERRAGEM                  ;99999999       ;;;26140;CARRINHO PARA SERRAGEM ;2;FERRAMENTAS                                                 ;14-13;INTELLI IND.TERM.ELETR.LTDA MULTIPLEX-MANUTENÇÃO MECÂNICA;9;APELIDO;31860004/0001-73;WILLIAM BONETTI CARVALHO LTDA                               ;35;72;1;35250531860004000173550010000000351007000935      ;10;460;4600;4600;0;0;0;23/05/2025;02/06/2025;02/06/2025;417,45;13,92;403,53;0;0;403,53
NOVO;135599;CARRINHO PARA SERRAGEM                  ;99999999       ;;;26141;CARRINHO PARA SERRAGEM ;2;FERRAMENTAS                                                 ;14-13;INTELLI IND.TERM.ELETR.LTDA MULTIPLEX-MANUTENÇÃO MECÂNICA;9;APELIDO;31860004/0001-73;WILLIAM BONETTI CARVALHO LTDA                               ;35;72;1;35250531860004000173550010000000351007000935      ;10;460;4600;4600;0;0;0;23/05/2025;02/06/2025;02/06/2025;417,45;13,92;403,53;0;0;403,53
NOVO;135599;CARRINHO PARA SERRAGEM                  ;99999999       ;;;26142;CARRINHO PARA SERRAGEM ;2;FERRAMENTAS                                                 ;14-13;INTELLI IND.TERM.ELETR.LTDA MULTIPLEX-MANUTENÇÃO MECÂNICA;9;APELIDO;31860004/0001-73;WILLIAM BONETTI CARVALHO LTDA                               ;35;72;1;35250531860004000173550010000000351007000935      ;10;460;4600;4600;0;0;0;23/05/2025;02/06/2025;02/06/2025;417,45;13,92;403,53;0;0;403,53
NOVO;135599;CARRINHO PARA SERRAGEM                  ;99999999       ;;;26143;CARRINHO PARA SERRAGEM ;2;FERRAMENTAS                                                 ;14-13;INTELLI IND.TERM.ELETR.LTDA MULTIPLEX-MANUTENÇÃO MECÂNICA;9;APELIDO;31860004/0001-73;WILLIAM BONETTI CARVALHO LTDA                               ;35;72;1;35250531860004000173550010000000351007000935      ;10;460;4600;4600;0;0;0;23/05/2025;02/06/2025;02/06/2025;417,45;13,92;403,53;0;0;403,53
NOVO;135599;CARRINHO PARA SERRAGEM                  ;99999999       ;;;26144;CARRINHO PARA SERRAGEM ;2;FERRAMENTAS                                                 ;14-13;INTELLI IND.TERM.ELETR.LTDA MULTIPLEX-MANUTENÇÃO MECÂNICA;9;APELIDO;31860004/0001-73;WILLIAM BONETTI CARVALHO LTDA                               ;35;72;1;35250531860004000173550010000000351007000935      ;10;460;4600;4600;0;0;0;23/05/2025;02/06/2025;02/06/2025;417,45;13,92;403,53;0;0;403,53
NOVO;83741;MESA                                    ;94033000       ;;;26145;MESA ;7;MÓVEIS E UTENSÍLIOS                                         ;14-8;INTELLI IND.TERM.ELETR.LTDA MULTIPLEX-PATRIMÔNIO;9;APELIDO;12347781/0001-74;EDSON ALVES MACHADO                                         ;9;72;1;35250512347781000174550010000000091610903642      ;4;1250;5000;5000;0;0;0;28/05/2025;02/06/2025;02/06/2025;1250;41,68;1208,32;0;0;1208,32
NOVO;83741;MESA                                    ;94033000       ;;;26146;MESA ;7;MÓVEIS E UTENSÍLIOS                                         ;14-8;INTELLI IND.TERM.ELETR.LTDA MULTIPLEX-PATRIMÔNIO;9;APELIDO;12347781/0001-74;EDSON ALVES MACHADO                                         ;9;72;1;35250512347781000174550010000000091610903642      ;4;1250;5000;5000;0;0;0;28/05/2025;02/06/2025;02/06/2025;1250;41,68;1208,32;0;0;1208,32
NOVO;83741;MESA                                    ;94033000       ;;;26147;MESA ;7;MÓVEIS E UTENSÍLIOS                                         ;14-8;INTELLI IND.TERM.ELETR.LTDA MULTIPLEX-PATRIMÔNIO;9;APELIDO;12347781/0001-74;EDSON ALVES MACHADO                                         ;9;72;1;35250512347781000174550010000000091610903642      ;4;1250;5000;5000;0;0;0;28/05/2025;02/06/2025;02/06/2025;1250;41,68;1208,32;0;0;1208,32
NOVO;83741;MESA                                    ;94033000       ;;;26148;MESA ;7;MÓVEIS E UTENSÍLIOS                                         ;14-8;INTELLI IND.TERM.ELETR.LTDA MULTIPLEX-PATRIMÔNIO;9;APELIDO;12347781/0001-74;EDSON ALVES MACHADO                                         ;9;72;1;35250512347781000174550010000000091610903642      ;4;1250;5000;5000;0;0;0;28/05/2025;02/06/2025;02/06/2025;1250;41,68;1208,32;0;0;1208,32
NOVO;136038;COMPRESSOR DE AR GA90VSD AFF 380V 60Hz  ;84148012       ;;;26149;COMPRESSOR DE AR GA90VSD AFF 380V 60Hz ;6;MÁQ EQUIP FÁBRICA - REAVAL                                  ;12-8;INTELLI IND.TERM.ELETR.LTDA - FUNDIÇÃO-ALMOXARIFADO;9;APELIDO;8727383/0001-06;AIR COMPANY COMERCIO REPRESENTAÇÃO E LOCAÇÃO LTDA           ;6081;72;1;35250608727383000106550010000060811004640323      ;1;215000;215000;215000;0;0;0;11/06/2025;26/06/2025;26/06/2025;195112,5;6503,76;188608,74;0;0;188608,74
NOVO;119631;HD CFTV 4TB SATA WESTERN DIG PU RPLE DVR;84717010       ;;;26150;DVR INTELB DE 32 CANAIS MDX1233 COM HD DE 4 TB HDCFTV 4TB SATA WESTERM DIG;1;EQUIPAMENTOS DE INFORMÁTICA                                 ;14-17;INTELLI IND.TERM.ELETR.LTDA MULTIPLEX-MANUTENÇÃO ELÉTRICA;9;APELIDO;9628632/0001-79;O M  NETWORK E SEGURANCA ELETRONICA LTDA                    ;9956;72;2;35250509628632000179550010000099561143728470      ;1;1049,98;1049,98;1001,51;0;0;0;02/05/2025;03/06/2025;02/06/2025;4225,06;281,68;3943,38;0;0;3943,38
NOVO;133009;DVR INTELB 32 CANAIS MHDX1232 C/ HD 4TB ;85219010       ;;;26151;CAMERA INTEL VHD1130 B30M 2,8MMG7 BULLET ;1;EQUIPAMENTOS DE INFORMÁTICA                                 ;14-17;INTELLI IND.TERM.ELETR.LTDA MULTIPLEX-MANUTENÇÃO ELÉTRICA;9;APELIDO;9628632/0001-79;O M  NETWORK E SEGURANCA ELETRONICA LTDA                    ;9956;72;1;35250509628632000179550010000099561143728470      ;1;3429,08;3429,08;3270,8;0;0;0;02/05/2025;03/06/2025;03/06/2025;205;13,68;191,32;0;0;191,32
NOVO;133009;DVR INTELB 32 CANAIS MHDX1232 C/ HD 4TB ;85219010       ;;;26152;CAMERA INTEL VHD1130 B30M 2,8MMG7 BULLET ;1;EQUIPAMENTOS DE INFORMÁTICA                                 ;14-17;INTELLI IND.TERM.ELETR.LTDA MULTIPLEX-MANUTENÇÃO ELÉTRICA;9;APELIDO;9628632/0001-79;O M  NETWORK E SEGURANCA ELETRONICA LTDA                    ;9956;72;1;35250509628632000179550010000099561143728470      ;1;3429,08;3429,08;3270,8;0;0;0;02/05/2025;03/06/2025;03/06/2025;205;13,68;191,32;0;0;191,32
NOVO;133009;DVR INTELB 32 CANAIS MHDX1232 C/ HD 4TB ;85219010       ;;;26153;CAMERA INTEL VHD1130 B30M 2,8MMG7 BULLET ;1;EQUIPAMENTOS DE INFORMÁTICA                                 ;14-17;INTELLI IND.TERM.ELETR.LTDA MULTIPLEX-MANUTENÇÃO ELÉTRICA;9;APELIDO;9628632/0001-79;O M  NETWORK E SEGURANCA ELETRONICA LTDA                    ;9956;72;1;35250509628632000179550010000099561143728470      ;1;3429,08;3429,08;3270,8;0;0;0;02/05/2025;03/06/2025;03/06/2025;205;13,68;191,32;0;0;191,32
NOVO;133009;DVR INTELB 32 CANAIS MHDX1232 C/ HD 4TB ;85219010       ;;;26154;CAMERA INTEL VHD1130 B30M 2,8MMG7 BULLET ;1;EQUIPAMENTOS DE INFORMÁTICA                                 ;14-17;INTELLI IND.TERM.ELETR.LTDA MULTIPLEX-MANUTENÇÃO ELÉTRICA;9;APELIDO;9628632/0001-79;O M  NETWORK E SEGURANCA ELETRONICA LTDA                    ;9956;72;1;35250509628632000179550010000099561143728470      ;1;3429,08;3429,08;3270,8;0;0;0;02/05/2025;03/06/2025;03/06/2025;205;13,68;191,32;0;0;191,32
NOVO;133009;DVR INTELB 32 CANAIS MHDX1232 C/ HD 4TB ;85219010       ;;;26155;CAMERA INTEL VHD1130 B30M 2,8MMG7 BULLET ;1;EQUIPAMENTOS DE INFORMÁTICA                                 ;14-17;INTELLI IND.TERM.ELETR.LTDA MULTIPLEX-MANUTENÇÃO ELÉTRICA;9;APELIDO;9628632/0001-79;O M  NETWORK E SEGURANCA ELETRONICA LTDA                    ;9956;72;1;35250509628632000179550010000099561143728470      ;1;3429,08;3429,08;3270,8;0;0;0;02/05/2025;03/06/2025;03/06/2025;205;13,68;191,32;0;0;191,32
NOVO;842209;ALIMENTADOR MONOFASICO AM1              ;84282090       ;;;26156;ALIMENTADOR MONOFASICO AM1 ;6;MÁQ EQUIP FABRICA - REAVAL                                  ;14-15;INTELLI IND.TERM.ELETR.LTDA MULTIPLEX-MULTIPLEX 1;9;APELIDO;24625066/0001-35;HM EQUIPAMENTOS LTDA                                        ;2457;72;1;35250524625066000135550010000024571884043269      ;2;5052,5;10105;10105;0;0;0;06/05/2025;04/06/2025;03/06/2025;4585,14;152,84;4432,3;0;0;4432,3
NOVO;842209;ALIMENTADOR MONOFASICO AM1              ;84282090       ;;;26157;ALIMENTADOR MONOFASICO AM1 ;6;MÁQ EQUIP FABRICA - REAVAL                                  ;14-15;INTELLI IND.TERM.ELETR.LTDA MULTIPLEX-MULTIPLEX 1;9;APELIDO;24625066/0001-35;HM EQUIPAMENTOS LTDA                                        ;2457;72;1;35250524625066000135550010000024571884043269      ;2;5052,5;10105;10105;0;0;0;06/05/2025;04/06/2025;03/06/2025;4585,14;152,84;4432,3;0;0;4432,3
NOVO;86841;LAVADORA DE ALTA PRESSÃO K 2195 KARCHER ;84243010       ;;;26158;LAVADORA DE ALTA PRESSÃO K 2195 KARCHER ;7;MÓVEIS E UTENSÍLIOS                                         ;14-15;INTELLI IND.TERM.ELETR.LTDA MULTIPLEX-MULTIPLEX 1;9;APELIDO;66185133/0001-98;ORLASOLDA COMERCIO DE EQUIPAMENTOS E SOLDAS LTDA.           ;199482;72;1;35250566185133000198550010001994821958043699      ;1;3300;3300;3300;0;0;0;23/05/2025;04/06/2025;04/06/2025;3300;110;3190;0;0;3190
NOVO;116729;SERRA DE BANDA 20V DEWALT DC377B-3      ;84672200       ;;;26159;SERRA DE BANDA 20V DEWALT DC377B-3 ;2;FERRAMENTAS                                                 ;14-18;INTELLI IND.TERM.ELETR.LTDA MULTIPLEX-MULTIPLEX 2;9;APELIDO;565813/0001-29;ANHANGUERA COMERCIO DE FERRAMENTAS LTDA.                    ;1401083;74;1;35250500565813000129550030014010831835615785      ;3;2020,02;6060,06;6060,06;0;0;0;27/05/2025;04/06/2025;04/06/2025;1833,17;61,12;1772,05;0;0;1772,05
NOVO;116729;SERRA DE BANDA 20V DEWALT DC377B-3      ;84672200       ;;;26160;SERRA DE BANDA 20V DEWALT DC377B-3 ;2;FERRAMENTAS                                                 ;14-18;INTELLI IND.TERM.ELETR.LTDA MULTIPLEX-MULTIPLEX 2;9;APELIDO;565813/0001-29;ANHANGUERA COMERCIO DE FERRAMENTAS LTDA.                    ;1401083;74;1;35250500565813000129550030014010831835615785      ;3;2020,02;6060,06;6060,06;0;0;0;27/05/2025;04/06/2025;04/06/2025;1833,17;61,12;1772,05;0;0;1772,05
NOVO;116729;SERRA DE BANDA 20V DEWALT DC377B-3      ;84672200       ;;;26161;SERRA DE BANDA 20V DEWALT DC377B-3 ;2;FERRAMENTAS                                                 ;14-18;INTELLI IND.TERM.ELETR.LTDA MULTIPLEX-MULTIPLEX 2;9;APELIDO;565813/0001-29;ANHANGUERA COMERCIO DE FERRAMENTAS LTDA.                    ;1401083;74;1;35250500565813000129550030014010831835615785      ;3;2020,02;6060,06;6060,06;0;0;0;27/05/2025;04/06/2025;04/06/2025;1833,16;61,12;1772,04;0;0;1772,04
NOVO;14273;CAIXA METALICA 1000 x 800 x 600         ;73090090       ;;;26162;CAIXA METALICA 1000 x 800 x 600 ;6;MÁQ EQUIP FÁBRICA - REAVAL                                  ;12-7;INTELLI IND.TERM.ELETR.LTDA - FUNDIÇÃO-EXPEDIÇÃO;9;APELIDO;10301112/0001-36;SONIA MARIA TROMBETTA VIEIRA E CIA LTDA - ME                ;429;72;1;35250510301112000136550010000004291583618440      ;30;1710;51300;51300;0;0;0;12/05/2025;05/06/2025;04/06/2025;1551,82;51,72;1500,1;0;0;1500,1
NOVO;14273;CAIXA METALICA 1000 x 800 x 600         ;73090090       ;;;26163;CAIXA METALICA 1000 x 800 x 600 ;6;MÁQ EQUIP FÁBRICA - REAVAL                                  ;12-7;INTELLI IND.TERM.ELETR.LTDA - FUNDIÇÃO-EXPEDIÇÃO;9;APELIDO;10301112/0001-36;SONIA MARIA TROMBETTA VIEIRA E CIA LTDA - ME                ;429;72;1;35250510301112000136550010000004291583618440      ;30;1710;51300;51300;0;0;0;12/05/2025;05/06/2025;04/06/2025;1551,82;51,72;1500,1;0;0;1500,1
NOVO;14273;CAIXA METALICA 1000 x 800 x 600         ;73090090       ;;;26164;CAIXA METALICA 1000 x 800 x 600 ;6;MÁQ EQUIP FÁBRICA - REAVAL                                  ;12-7;INTELLI IND.TERM.ELETR.LTDA - FUNDIÇÃO-EXPEDIÇÃO;9;APELIDO;10301112/0001-36;SONIA MARIA TROMBETTA VIEIRA E CIA LTDA - ME                ;429;72;1;35250510301112000136550010000004291583618440      ;30;1710;51300;51300;0;0;0;12/05/2025;05/06/2025;04/06/2025;1551,82;51,72;1500,1;0;0;1500,1
NOVO;14273;CAIXA METALICA 1000 x 800 x 600         ;73090090       ;;;26165;CAIXA METALICA 1000 x 800 x 600 ;6;MÁQ EQUIP FÁBRICA - REAVAL                                  ;12-7;INTELLI IND.TERM.ELETR.LTDA - FUNDIÇÃO-EXPEDIÇÃO;9;APELIDO;10301112/0001-36;SONIA MARIA TROMBETTA VIEIRA E CIA LTDA - ME                ;429;72;1;35250510301112000136550010000004291583618440      ;30;1710;51300;51300;0;0;0;12/05/2025;05/06/2025;04/06/2025;1551,82;51,72;1500,1;0;0;1500,1
NOVO;14273;CAIXA METALICA 1000 x 800 x 600         ;73090090       ;;;26166;CAIXA METALICA 1000 x 800 x 600 ;6;MÁQ EQUIP FÁBRICA - REAVAL                                  ;12-7;INTELLI IND.TERM.ELETR.LTDA - FUNDIÇÃO-EXPEDIÇÃO;9;APELIDO;10301112/0001-36;SONIA MARIA TROMBETTA VIEIRA E CIA LTDA - ME                ;429;72;1;35250510301112000136550010000004291583618440      ;30;1710;51300;51300;0;0;0;12/05/2025;05/06/2025;04/06/2025;1551,82;51,72;1500,1;0;0;1500,1
NOVO;14273;CAIXA METALICA 1000 x 800 x 600         ;73090090       ;;;26167;CAIXA METALICA 1000 x 800 x 600 ;6;MÁQ EQUIP FÁBRICA - REAVAL                                  ;12-7;INTELLI IND.TERM.ELETR.LTDA - FUNDIÇÃO-EXPEDIÇÃO;9;APELIDO;10301112/0001-36;SONIA MARIA TROMBETTA VIEIRA E CIA LTDA - ME                ;429;72;1;35250510301112000136550010000004291583618440      ;30;1710;51300;51300;0;0;0;12/05/2025;05/06/2025;04/06/2025;1551,82;51,72;1500,1;0;0;1500,1
NOVO;14273;CAIXA METALICA 1000 x 800 x 600         ;73090090       ;;;26168;CAIXA METALICA 1000 x 800 x 600 ;6;MÁQ EQUIP FÁBRICA - REAVAL                                  ;12-7;INTELLI IND.TERM.ELETR.LTDA - FUNDIÇÃO-EXPEDIÇÃO;9;APELIDO;10301112/0001-36;SONIA MARIA TROMBETTA VIEIRA E CIA LTDA - ME                ;429;72;1;35250510301112000136550010000004291583618440      ;30;1710;51300;51300;0;0;0;12/05/2025;05/06/2025;04/06/2025;1551,82;51,72;1500,1;0;0;1500,1
NOVO;14273;CAIXA METALICA 1000 x 800 x 600         ;73090090       ;;;26169;CAIXA METALICA 1000 x 800 x 600 ;6;MÁQ EQUIP FÁBRICA - REAVAL                                  ;12-7;INTELLI IND.TERM.ELETR.LTDA - FUNDIÇÃO-EXPEDIÇÃO;9;APELIDO;10301112/0001-36;SONIA MARIA TROMBETTA VIEIRA E CIA LTDA - ME                ;429;72;1;35250510301112000136550010000004291583618440      ;30;1710;51300;51300;0;0;0;12/05/2025;05/06/2025;04/06/2025;1551,82;51,72;1500,1;0;0;1500,1
NOVO;14273;CAIXA METALICA 1000 x 800 x 600         ;73090090       ;;;26170;CAIXA METALICA 1000 x 800 x 600 ;6;MÁQ EQUIP FÁBRICA - REAVAL                                  ;12-7;INTELLI IND.TERM.ELETR.LTDA - FUNDIÇÃO-EXPEDIÇÃO;9;APELIDO;10301112/0001-36;SONIA MARIA TROMBETTA VIEIRA E CIA LTDA - ME                ;429;72;1;35250510301112000136550010000004291583618440      ;30;1710;51300;51300;0;0;0;12/05/2025;05/06/2025;04/06/2025;1551,82;51,72;1500,1;0;0;1500,1
NOVO;14273;CAIXA METALICA 1000 x 800 x 600         ;73090090       ;;;26171;CAIXA METALICA 1000 x 800 x 600 ;6;MÁQ EQUIP FÁBRICA - REAVAL                                  ;12-7;INTELLI IND.TERM.ELETR.LTDA - FUNDIÇÃO-EXPEDIÇÃO;9;APELIDO;10301112/0001-36;SONIA MARIA TROMBETTA VIEIRA E CIA LTDA - ME                ;429;72;1;35250510301112000136550010000004291583618440      ;30;1710;51300;51300;0;0;0;12/05/2025;05/06/2025;04/06/2025;1551,82;51,72;1500,1;0;0;1500,1
NOVO;14273;CAIXA METALICA 1000 x 800 x 600         ;73090090       ;;;26172;CAIXA METALICA 1000 x 800 x 600 ;6;MÁQ EQUIP FÁBRICA - REAVAL                                  ;12-7;INTELLI IND.TERM.ELETR.LTDA - FUNDIÇÃO-EXPEDIÇÃO;9;APELIDO;10301112/0001-36;SONIA MARIA TROMBETTA VIEIRA E CIA LTDA - ME                ;429;72;1;35250510301112000136550010000004291583618440      ;30;1710;51300;51300;0;0;0;12/05/2025;05/06/2025;04/06/2025;1551,82;51,72;1500,1;0;0;1500,1
NOVO;14273;CAIXA METALICA 1000 x 800 x 600         ;73090090       ;;;26173;CAIXA METALICA 1000 x 800 x 600 ;6;MÁQ EQUIP FÁBRICA - REAVAL                                  ;12-7;INTELLI IND.TERM.ELETR.LTDA - FUNDIÇÃO-EXPEDIÇÃO;9;APELIDO;10301112/0001-36;SONIA MARIA TROMBETTA VIEIRA E CIA LTDA - ME                ;429;72;1;35250510301112000136550010000004291583618440      ;30;1710;51300;51300;0;0;0;12/05/2025;05/06/2025;04/06/2025;1551,82;51,72;1500,1;0;0;1500,1
NOVO;14273;CAIXA METALICA 1000 x 800 x 600         ;73090090       ;;;26174;CAIXA METALICA 1000 x 800 x 600 ;6;MÁQ EQUIP FÁBRICA - REAVAL                                  ;12-7;INTELLI IND.TERM.ELETR.LTDA - FUNDIÇÃO-EXPEDIÇÃO;9;APELIDO;10301112/0001-36;SONIA MARIA TROMBETTA VIEIRA E CIA LTDA - ME                ;429;72;1;35250510301112000136550010000004291583618440      ;30;1710;51300;51300;0;0;0;12/05/2025;05/06/2025;04/06/2025;1551,82;51,72;1500,1;0;0;1500,1
NOVO;14273;CAIXA METALICA 1000 x 800 x 600         ;73090090       ;;;26175;CAIXA METALICA 1000 x 800 x 600 ;6;MÁQ EQUIP FÁBRICA - REAVAL                                  ;12-7;INTELLI IND.TERM.ELETR.LTDA - FUNDIÇÃO-EXPEDIÇÃO;9;APELIDO;10301112/0001-36;SONIA MARIA TROMBETTA VIEIRA E CIA LTDA - ME                ;429;72;1;35250510301112000136550010000004291583618440      ;30;1710;51300;51300;0;0;0;12/05/2025;05/06/2025;04/06/2025;1551,82;51,72;1500,1;0;0;1500,1
NOVO;14273;CAIXA METALICA 1000 x 800 x 600         ;73090090       ;;;26176;CAIXA METALICA 1000 x 800 x 600 ;6;MÁQ EQUIP FÁBRICA - REAVAL                                  ;12-7;INTELLI IND.TERM.ELETR.LTDA - FUNDIÇÃO-EXPEDIÇÃO;9;APELIDO;10301112/0001-36;SONIA MARIA TROMBETTA VIEIRA E CIA LTDA - ME                ;429;72;1;35250510301112000136550010000004291583618440      ;30;1710;51300;51300;0;0;0;12/05/2025;05/06/2025;04/06/2025;1551,82;51,72;1500,1;0;0;1500,1
NOVO;14273;CAIXA METALICA 1000 x 800 x 600         ;73090090       ;;;26177;CAIXA METALICA 1000 x 800 x 600 ;6;MÁQ EQUIP FÁBRICA - REAVAL                                  ;12-7;INTELLI IND.TERM.ELETR.LTDA - FUNDIÇÃO-EXPEDIÇÃO;9;APELIDO;10301112/0001-36;SONIA MARIA TROMBETTA VIEIRA E CIA LTDA - ME                ;429;72;1;35250510301112000136550010000004291583618440      ;30;1710;51300;51300;0;0;0;12/05/2025;05/06/2025;04/06/2025;1551,82;51,72;1500,1;0;0;1500,1
NOVO;14273;CAIXA METALICA 1000 x 800 x 600         ;73090090       ;;;26178;CAIXA METALICA 1000 x 800 x 600 ;6;MÁQ EQUIP FÁBRICA - REAVAL                                  ;12-7;INTELLI IND.TERM.ELETR.LTDA - FUNDIÇÃO-EXPEDIÇÃO;9;APELIDO;10301112/0001-36;SONIA MARIA TROMBETTA VIEIRA E CIA LTDA - ME                ;429;72;1;35250510301112000136550010000004291583618440      ;30;1710;51300;51300;0;0;0;12/05/2025;05/06/2025;04/06/2025;1551,82;51,72;1500,1;0;0;1500,1
NOVO;14273;CAIXA METALICA 1000 x 800 x 600         ;73090090       ;;;26179;CAIXA METALICA 1000 x 800 x 600 ;6;MÁQ EQUIP FÁBRICA - REAVAL                                  ;12-7;INTELLI IND.TERM.ELETR.LTDA - FUNDIÇÃO-EXPEDIÇÃO;9;APELIDO;10301112/0001-36;SONIA MARIA TROMBETTA VIEIRA E CIA LTDA - ME                ;429;72;1;35250510301112000136550010000004291583618440      ;30;1710;51300;51300;0;0;0;12/05/2025;05/06/2025;04/06/2025;1551,82;51,72;1500,1;0;0;1500,1
NOVO;14273;CAIXA METALICA 1000 x 800 x 600         ;73090090       ;;;26180;CAIXA METALICA 1000 x 800 x 600 ;6;MÁQ EQUIP FÁBRICA - REAVAL                                  ;12-7;INTELLI IND.TERM.ELETR.LTDA - FUNDIÇÃO-EXPEDIÇÃO;9;APELIDO;10301112/0001-36;SONIA MARIA TROMBETTA VIEIRA E CIA LTDA - ME                ;429;72;1;35250510301112000136550010000004291583618440      ;30;1710;51300;51300;0;0;0;12/05/2025;05/06/2025;04/06/2025;1551,82;51,72;1500,1;0;0;1500,1
NOVO;14273;CAIXA METALICA 1000 x 800 x 600         ;73090090       ;;;26181;CAIXA METALICA 1000 x 800 x 600 ;6;MÁQ EQUIP FÁBRICA - REAVAL                                  ;12-7;INTELLI IND.TERM.ELETR.LTDA - FUNDIÇÃO-EXPEDIÇÃO;9;APELIDO;10301112/0001-36;SONIA MARIA TROMBETTA VIEIRA E CIA LTDA - ME                ;429;72;1;35250510301112000136550010000004291583618440      ;30;1710;51300;51300;0;0;0;12/05/2025;05/06/2025;04/06/2025;1551,82;51,72;1500,1;0;0;1500,1
NOVO;14273;CAIXA METALICA 1000 x 800 x 600         ;73090090       ;;;26182;CAIXA METALICA 1000 x 800 x 600 ;6;MÁQ EQUIP FÁBRICA - REAVAL                                  ;12-7;INTELLI IND.TERM.ELETR.LTDA - FUNDIÇÃO-EXPEDIÇÃO;9;APELIDO;10301112/0001-36;SONIA MARIA TROMBETTA VIEIRA E CIA LTDA - ME                ;429;72;1;35250510301112000136550010000004291583618440      ;30;1710;51300;51300;0;0;0;12/05/2025;05/06/2025;04/06/2025;1551,82;51,72;1500,1;0;0;1500,1
NOVO;14273;CAIXA METALICA 1000 x 800 x 600         ;73090090       ;;;26183;CAIXA METALICA 1000 x 800 x 600 ;6;MÁQ EQUIP FÁBRICA - REAVAL                                  ;12-7;INTELLI IND.TERM.ELETR.LTDA - FUNDIÇÃO-EXPEDIÇÃO;9;APELIDO;10301112/0001-36;SONIA MARIA TROMBETTA VIEIRA E CIA LTDA - ME                ;429;72;1;35250510301112000136550010000004291583618440      ;30;1710;51300;51300;0;0;0;12/05/2025;05/06/2025;04/06/2025;1551,82;51,72;1500,1;0;0;1500,1
NOVO;14273;CAIXA METALICA 1000 x 800 x 600         ;73090090       ;;;26184;CAIXA METALICA 1000 x 800 x 600 ;6;MÁQ EQUIP FÁBRICA - REAVAL                                  ;12-7;INTELLI IND.TERM.ELETR.LTDA - FUNDIÇÃO-EXPEDIÇÃO;9;APELIDO;10301112/0001-36;SONIA MARIA TROMBETTA VIEIRA E CIA LTDA - ME                ;429;72;1;35250510301112000136550010000004291583618440      ;30;1710;51300;51300;0;0;0;12/05/2025;05/06/2025;04/06/2025;1551,82;51,72;1500,1;0;0;1500,1
NOVO;14273;CAIXA METALICA 1000 x 800 x 600         ;73090090       ;;;26185;CAIXA METALICA 1000 x 800 x 600 ;6;MÁQ EQUIP FÁBRICA - REAVAL                                  ;12-7;INTELLI IND.TERM.ELETR.LTDA - FUNDIÇÃO-EXPEDIÇÃO;9;APELIDO;10301112/0001-36;SONIA MARIA TROMBETTA VIEIRA E CIA LTDA - ME                ;429;72;1;35250510301112000136550010000004291583618440      ;30;1710;51300;51300;0;0;0;12/05/2025;05/06/2025;04/06/2025;1551,82;51,72;1500,1;0;0;1500,1
NOVO;14273;CAIXA METALICA 1000 x 800 x 600         ;73090090       ;;;26186;CAIXA METALICA 1000 x 800 x 600 ;6;MÁQ EQUIP FÁBRICA - REAVAL                                  ;12-7;INTELLI IND.TERM.ELETR.LTDA - FUNDIÇÃO-EXPEDIÇÃO;9;APELIDO;10301112/0001-36;SONIA MARIA TROMBETTA VIEIRA E CIA LTDA - ME                ;429;72;1;35250510301112000136550010000004291583618440      ;30;1710;51300;51300;0;0;0;12/05/2025;05/06/2025;04/06/2025;1551,82;51,72;1500,1;0;0;1500,1
NOVO;14273;CAIXA METALICA 1000 x 800 x 600         ;73090090       ;;;26187;CAIXA METALICA 1000 x 800 x 600 ;6;MÁQ EQUIP FÁBRICA - REAVAL                                  ;12-7;INTELLI IND.TERM.ELETR.LTDA - FUNDIÇÃO-EXPEDIÇÃO;9;APELIDO;10301112/0001-36;SONIA MARIA TROMBETTA VIEIRA E CIA LTDA - ME                ;429;72;1;35250510301112000136550010000004291583618440      ;30;1710;51300;51300;0;0;0;12/05/2025;05/06/2025;04/06/2025;1551,82;51,72;1500,1;0;0;1500,1
NOVO;14273;CAIXA METALICA 1000 x 800 x 600         ;73090090       ;;;26188;CAIXA METALICA 1000 x 800 x 600 ;6;MÁQ EQUIP FÁBRICA - REAVAL                                  ;12-7;INTELLI IND.TERM.ELETR.LTDA - FUNDIÇÃO-EXPEDIÇÃO;9;APELIDO;10301112/0001-36;SONIA MARIA TROMBETTA VIEIRA E CIA LTDA - ME                ;429;72;1;35250510301112000136550010000004291583618440      ;30;1710;51300;51300;0;0;0;12/05/2025;05/06/2025;04/06/2025;1551,82;51,72;1500,1;0;0;1500,1
NOVO;14273;CAIXA METALICA 1000 x 800 x 600         ;73090090       ;;;26189;CAIXA METALICA 1000 x 800 x 600 ;6;MÁQ EQUIP FÁBRICA - REAVAL                                  ;12-7;INTELLI IND.TERM.ELETR.LTDA - FUNDIÇÃO-EXPEDIÇÃO;9;APELIDO;10301112/0001-36;SONIA MARIA TROMBETTA VIEIRA E CIA LTDA - ME                ;429;72;1;35250510301112000136550010000004291583618440      ;30;1710;51300;51300;0;0;0;12/05/2025;05/06/2025;04/06/2025;1551,82;51,72;1500,1;0;0;1500,1
NOVO;14273;CAIXA METALICA 1000 x 800 x 600         ;73090090       ;;;26190;CAIXA METALICA 1000 x 800 x 600 ;6;MÁQ EQUIP FÁBRICA - REAVAL                                  ;12-7;INTELLI IND.TERM.ELETR.LTDA - FUNDIÇÃO-EXPEDIÇÃO;9;APELIDO;10301112/0001-36;SONIA MARIA TROMBETTA VIEIRA E CIA LTDA - ME                ;429;72;1;35250510301112000136550010000004291583618440      ;30;1710;51300;51300;0;0;0;12/05/2025;05/06/2025;04/06/2025;1551,82;51,72;1500,1;0;0;1500,1
NOVO;14273;CAIXA METALICA 1000 x 800 x 600         ;73090090       ;;;26191;CAIXA METALICA 1000 x 800 x 600 ;6;MÁQ EQUIP FÁBRICA - REAVAL                                  ;12-7;INTELLI IND.TERM.ELETR.LTDA - FUNDIÇÃO-EXPEDIÇÃO;9;APELIDO;10301112/0001-36;SONIA MARIA TROMBETTA VIEIRA E CIA LTDA - ME                ;429;72;1;35250510301112000136550010000004291583618440      ;30;1710;51300;51300;0;0;0;12/05/2025;05/06/2025;04/06/2025;1551,82;51,72;1500,1;0;0;1500,1
NOVO;901780;CONTA METROS POLIA COM SENSOR           ;84798999       ;;;26192;CONTA METROS MODELO POLIA COM SENSOR ;6;MÁQ EQUIP FABRICA - REAVAL                                  ;14-18;INTELLI IND.TERM.ELETR.LTDA MULTIPLEX-MULTIPLEX 2;9;APELIDO;9356272/0001-01;UEFA COMERCIAL LTDA EPP                                     ;17774;72;1;35250509356272000101550010000177741000177712      ;1;16200;16200;16200;7920,18;18;1425,63;19/05/2025;05/06/2025;05/06/2025;13275,87;442,52;12833,35;0;0;12833,35
NOVO;30375;PLATAFORMA DE AÇO                       ;99999999       ;;;26193;PLATAFORMA DE AÇO ;6;MÁQ EQUIP FABRICA - REAVAL                                  ;14-18;INTELLI IND.TERM.ELETR.LTDA MULTIPLEX-MULTIPLEX 2;9;APELIDO;31860004/0001-73;WILLIAM BONETTI CARVALHO LTDA                               ;33;72;1;35250531860004000173550010000000331050709407      ;3;3600;10800;10800;0;0;0;21/05/2025;05/06/2025;05/06/2025;3267;108,88;3158,12;0;0;3158,12
NOVO;30375;PLATAFORMA DE AÇO                       ;99999999       ;;;26194;PLATAFORMA DE AÇO ;6;MÁQ EQUIP FABRICA - REAVAL                                  ;14-18;INTELLI IND.TERM.ELETR.LTDA MULTIPLEX-MULTIPLEX 2;9;APELIDO;31860004/0001-73;WILLIAM BONETTI CARVALHO LTDA                               ;33;72;1;35250531860004000173550010000000331050709407      ;3;3600;10800;10800;0;0;0;21/05/2025;05/06/2025;05/06/2025;3267;108,88;3158,12;0;0;3158,12
NOVO;30375;PLATAFORMA DE AÇO                       ;99999999       ;;;26195;PLATAFORMA DE AÇO ;6;MÁQ EQUIP FABRICA - REAVAL                                  ;14-18;INTELLI IND.TERM.ELETR.LTDA MULTIPLEX-MULTIPLEX 2;9;APELIDO;31860004/0001-73;WILLIAM BONETTI CARVALHO LTDA                               ;33;72;1;35250531860004000173550010000000331050709407      ;3;3600;10800;10800;0;0;0;21/05/2025;05/06/2025;05/06/2025;3267;108,88;3158,12;0;0;3158,12
NOVO;128050;MICROCOMPUTADOR DELL OPTIPLEX 7010      ;84715010       ;;;26196;Desktop Dell csg optiplex 7020 i5 8 256 wip210- blw m -dto/08 ;1;EQUIPAMENTOS DE INFORMÁTICA                                 ;11-17;INTELLI IND.TERM.ELETR.LTDA - MATRIZ-TECNOLOGIA DA INFORM. E COMUNIC. T.I.C.;9;APELIDO;68993641/0008-02;AGIS EQUIPAMENTOS E SERVICOS DE INFORMATICA LTDA            ;524472;72;1;32250568993641000802550010005244721785885098      ;5;3986,062;19930,31;19930,31;19930,31;12;2391,64;06/05/2025;03/06/2025;03/06/2025;4100;273,32;3826,68;0;0;3826,68
NOVO;128050;MICROCOMPUTADOR DELL OPTIPLEX 7010      ;84715010       ;;;26197;Desktop Dell csg optiplex 7020 i5 8 256 wip210- blw m -dto/08 ;1;EQUIPAMENTOS DE INFORMÁTICA                                 ;11-17;INTELLI IND.TERM.ELETR.LTDA - MATRIZ-TECNOLOGIA DA INFORM. E COMUNIC. T.I.C.;9;APELIDO;68993641/0008-02;AGIS EQUIPAMENTOS E SERVICOS DE INFORMATICA LTDA            ;524472;72;1;32250568993641000802550010005244721785885098      ;5;3986,062;19930,31;19930,31;19930,31;12;2391,64;06/05/2025;03/06/2025;03/06/2025;4100;273,32;3826,68;0;0;3826,68
NOVO;128050;MICROCOMPUTADOR DELL OPTIPLEX 7010      ;84715010       ;;;26198;Desktop Dell csg optiplex 7020 i5 8 256 wip210- blw m -dto/08 ;1;EQUIPAMENTOS DE INFORMÁTICA                                 ;11-17;INTELLI IND.TERM.ELETR.LTDA - MATRIZ-TECNOLOGIA DA INFORM. E COMUNIC. T.I.C.;9;APELIDO;68993641/0008-02;AGIS EQUIPAMENTOS E SERVICOS DE INFORMATICA LTDA            ;524472;72;1;32250568993641000802550010005244721785885098      ;5;3986,062;19930,31;19930,31;19930,31;12;2391,64;06/05/2025;03/06/2025;03/06/2025;4100;273,32;3826,68;0;0;3826,68
NOVO;128050;MICROCOMPUTADOR DELL OPTIPLEX 7010      ;84715010       ;;;26199;Desktop Dell csg optiplex 7020 i5 8 256 wip210- blw m -dto/08 ;1;EQUIPAMENTOS DE INFORMÁTICA                                 ;11-17;INTELLI IND.TERM.ELETR.LTDA - MATRIZ-TECNOLOGIA DA INFORM. E COMUNIC. T.I.C.;9;APELIDO;68993641/0008-02;AGIS EQUIPAMENTOS E SERVICOS DE INFORMATICA LTDA            ;524472;72;1;32250568993641000802550010005244721785885098      ;5;3986,062;19930,31;19930,31;19930,31;12;2391,64;06/05/2025;03/06/2025;03/06/2025;4100;273,32;3826,68;0;0;3826,68
NOVO;128050;MICROCOMPUTADOR DELL OPTIPLEX 7010      ;84715010       ;;;26200;Desktop Dell csg optiplex 7020 i5 8 256 wip210- blw m -dto/08 ;1;EQUIPAMENTOS DE INFORMÁTICA                                 ;11-17;INTELLI IND.TERM.ELETR.LTDA - MATRIZ-TECNOLOGIA DA INFORM. E COMUNIC. T.I.C.;9;APELIDO;68993641/0008-02;AGIS EQUIPAMENTOS E SERVICOS DE INFORMATICA LTDA            ;524472;72;1;32250568993641000802550010005244721785885098      ;5;3986,062;19930,31;19930,31;19930,31;12;2391,64;06/05/2025;03/06/2025;03/06/2025;4100;273,32;3826,68;0;0;3826,68
NOVO;126150;EVAP HI-WALL                            ;84151011       ;;;26201;AR CONDICIONADO SPLIT 24.000 BTU's E  EVAP HI-WALL ;7;MÓVEIS E UTENSÍLIOS                                         ;11-5;INTELLI IND.TERM.ELETR.LTDA - MATRIZ-COMPRAS;9;APELIDO;18928807/0001-54;UNIAR COMERCIO DE ELETRO-ELETRÔNICOS E SERVIÇOS LTDA        ;984743;72;2;31250518928807000154550010009847431512913107      ;1;1824;1824;1824;1824;12;218,88;13/05/2025;05/06/2025;05/06/2025;4560;152;4408;0;0;4408
NOVO;135545;LENOVO V15 INTEL CORE i5-13420H 16GB    ;84713019       ;;;26202;NOTEBOOK LENOVO V15 IRU INTEL CORE I5 13420H SSD 512 PRO 83GL000KBR;1;EQUIPAMENTOS DE INFORMÁTICA                                 ;11-31;INTELLI IND.TERM.ELETR.LTDA - MATRIZ-ENGENHARIA DE PROJETOS;9;APELIDO;94623741/0005-04;MAZER DISTRIBUIDORA LTDA                                    ;122999;77;1;32250594623741000504550050001229991473767512      ;1;4320;4320;4320;4320;12;518,4;26/05/2025;05/06/2025;05/06/2025;4320;288;4032;0;0;4032
NOVO;136028;LICENC.USO PROG.ENDPOINT SECURITY ESSENT;99999999       ;;;26203;LICENC.USO PROG.ENDPOINT SECURITY ESSENT ;13;SISTEMAS APLICATIVOS - SOFTWARE                             ;11-17;INTELLI IND.TERM.ELETR.LTDA - MATRIZ-TECNOLOGIA DA INFORM. E COMUNIC. T.I.C.;9;APELIDO;5607657/0008-01;SCANSOURCE BRASIL DISTRIBUIDORA DE TECNOLOGIAS LTDA.        ;503653;19;1;                                                  ;1;60340,22;60340,22;60340,22;0;0;0;26/05/2025;05/06/2025;05/06/2025;45222,91;3014,88;42208,03;0;0;42208,03
NOVO;136028;LICENC.USO PROG.ENDPOINT SECURITY ESSENT;99999999       ;;;26204;SCANSOURCE BRASIL DISTRIBUIDOR ;13;SISTEMAS APLICATIVOS - SOFTWARE                             ;11-17;INTELLI IND.TERM.ELETR.LTDA - MATRIZ-TECNOLOGIA DA INFORM. E COMUNIC. T.I.C.;9;APELIDO;5607657/0008-01;SCANSOURCE BRASIL DISTRIBUIDORA DE TECNOLOGIAS LTDA.        ;503653;19;1;                                                  ;1;60340,22;60340,22;60340,22;0;0;0;26/05/2025;05/06/2025;05/06/2025;45222,91;3014,88;42208,03;0;0;42208,03
NOVO;14813;HEADSET INTELBRAS HSB 10 C/ TECLADO     ;85171100       ;;;26205;HEADSET INTELBRAS HSB 10 C/ TECLADO ;7;MÓVEIS E UTENSÍLIOS                                         ;14-8;INTELLI IND.TERM.ELETR.LTDA MULTIPLEX-PATRIMÔNIO;9;APELIDO;7075762/0001-04;GUSTAVO MANTOVANI NASCIMENTO - ME                           ;17972;72;1;35250407075762000104550010000179721711693109      ;6;189;1134;1134;0;0;0;24/04/2025;04/06/2025;04/06/2025;189;6,28;182,72;0;0;182,72
NOVO;14813;HEADSET INTELBRAS HSB 10 C/ TECLADO     ;85171100       ;;;26206;HEADSET INTELBRAS HSB 10 C/ TECLADO ;7;MÓVEIS E UTENSÍLIOS                                         ;14-8;INTELLI IND.TERM.ELETR.LTDA MULTIPLEX-PATRIMÔNIO;9;APELIDO;7075762/0001-04;GUSTAVO MANTOVANI NASCIMENTO - ME                           ;17972;72;1;35250407075762000104550010000179721711693109      ;6;189;1134;1134;0;0;0;24/04/2025;04/06/2025;04/06/2025;189;6,28;182,72;0;0;182,72
NOVO;14813;HEADSET INTELBRAS HSB 10 C/ TECLADO     ;85171100       ;;;26207;HEADSET INTELBRAS HSB 10 C/ TECLADO ;7;MÓVEIS E UTENSÍLIOS                                         ;14-8;INTELLI IND.TERM.ELETR.LTDA MULTIPLEX-PATRIMÔNIO;9;APELIDO;7075762/0001-04;GUSTAVO MANTOVANI NASCIMENTO - ME                           ;17972;72;1;35250407075762000104550010000179721711693109      ;6;189;1134;1134;0;0;0;24/04/2025;04/06/2025;04/06/2025;189;6,28;182,72;0;0;182,72
NOVO;14813;HEADSET INTELBRAS HSB 10 C/ TECLADO     ;85171100       ;;;26208;HEADSET INTELBRAS HSB 10 C/ TECLADO ;7;MÓVEIS E UTENSÍLIOS                                         ;14-8;INTELLI IND.TERM.ELETR.LTDA MULTIPLEX-PATRIMÔNIO;9;APELIDO;7075762/0001-04;GUSTAVO MANTOVANI NASCIMENTO - ME                           ;17972;72;1;35250407075762000104550010000179721711693109      ;6;189;1134;1134;0;0;0;24/04/2025;04/06/2025;04/06/2025;189;6,28;182,72;0;0;182,72
NOVO;14813;HEADSET INTELBRAS HSB 10 C/ TECLADO     ;85171100       ;;;26209;HEADSET INTELBRAS HSB 10 C/ TECLADO ;7;MÓVEIS E UTENSÍLIOS                                         ;14-8;INTELLI IND.TERM.ELETR.LTDA MULTIPLEX-PATRIMÔNIO;9;APELIDO;7075762/0001-04;GUSTAVO MANTOVANI NASCIMENTO - ME                           ;17972;72;1;35250407075762000104550010000179721711693109      ;6;189;1134;1134;0;0;0;24/04/2025;04/06/2025;04/06/2025;189;6,28;182,72;0;0;182,72
NOVO;14813;HEADSET INTELBRAS HSB 10 C/ TECLADO     ;85171100       ;;;26210;HEADSET INTELBRAS HSB 10 C/ TECLADO ;7;MÓVEIS E UTENSÍLIOS                                         ;14-8;INTELLI IND.TERM.ELETR.LTDA MULTIPLEX-PATRIMÔNIO;9;APELIDO;7075762/0001-04;GUSTAVO MANTOVANI NASCIMENTO - ME                           ;17972;72;1;35250407075762000104550010000179721711693109      ;6;189;1134;1134;0;0;0;24/04/2025;04/06/2025;04/06/2025;189;6,28;182,72;0;0;182,72
NOVO;14813;HEADSET INTELBRAS HSB 10 C/ TECLADO     ;85171100       ;;;26211;HEADSET INTELBRAS ;7;MÓVEIS E UTENSÍLIOS                                         ;14-8;INTELLI IND.TERM.ELETR.LTDA MULTIPLEX-PATRIMÔNIO;9;APELIDO;7075762/0001-04;GUSTAVO MANTOVANI NASCIMENTO - ME                           ;17972;72;1;35250407075762000104550010000179721711693109      ;6;189;1134;1134;0;0;0;24/04/2025;04/06/2025;04/06/2025;125;4,16;120,84;0;0;120,84
NOVO;14813;HEADSET INTELBRAS HSB 10 C/ TECLADO     ;85171100       ;;;26212;HEADSET INTELBRAS ;7;MÓVEIS E UTENSÍLIOS                                         ;14-8;INTELLI IND.TERM.ELETR.LTDA MULTIPLEX-PATRIMÔNIO;9;APELIDO;7075762/0001-04;GUSTAVO MANTOVANI NASCIMENTO - ME                           ;17972;72;1;35250407075762000104550010000179721711693109      ;6;189;1134;1134;0;0;0;24/04/2025;04/06/2025;04/06/2025;125;4,16;120,84;0;0;120,84
NOVO;14813;HEADSET INTELBRAS HSB 10 C/ TECLADO     ;85171100       ;;;26213;HEADSET INTELBRAS ;7;MÓVEIS E UTENSÍLIOS                                         ;14-8;INTELLI IND.TERM.ELETR.LTDA MULTIPLEX-PATRIMÔNIO;9;APELIDO;7075762/0001-04;GUSTAVO MANTOVANI NASCIMENTO - ME                           ;17972;72;1;35250407075762000104550010000179721711693109      ;6;189;1134;1134;0;0;0;24/04/2025;04/06/2025;04/06/2025;125;4,16;120,84;0;0;120,84
NOVO;14813;HEADSET INTELBRAS HSB 10 C/ TECLADO     ;85171100       ;;;26214;HEADSET INTELBRAS ;7;MÓVEIS E UTENSÍLIOS                                         ;14-8;INTELLI IND.TERM.ELETR.LTDA MULTIPLEX-PATRIMÔNIO;9;APELIDO;7075762/0001-04;GUSTAVO MANTOVANI NASCIMENTO - ME                           ;17972;72;1;35250407075762000104550010000179721711693109      ;6;189;1134;1134;0;0;0;24/04/2025;04/06/2025;04/06/2025;125;4,16;120,84;0;0;120,84
NOVO;14813;HEADSET INTELBRAS HSB 10 C/ TECLADO     ;85171100       ;;;26215;HEADSET INTELBRAS ;7;MÓVEIS E UTENSÍLIOS                                         ;14-8;INTELLI IND.TERM.ELETR.LTDA MULTIPLEX-PATRIMÔNIO;9;APELIDO;7075762/0001-04;GUSTAVO MANTOVANI NASCIMENTO - ME                           ;17972;72;1;35250407075762000104550010000179721711693109      ;6;189;1134;1134;0;0;0;24/04/2025;04/06/2025;04/06/2025;125;4,16;120,84;0;0;120,84
NOVO;14813;HEADSET INTELBRAS HSB 10 C/ TECLADO     ;85171100       ;;;26216;HEADSET INTELBRAS ;7;MÓVEIS E UTENSÍLIOS                                         ;14-8;INTELLI IND.TERM.ELETR.LTDA MULTIPLEX-PATRIMÔNIO;9;APELIDO;7075762/0001-04;GUSTAVO MANTOVANI NASCIMENTO - ME                           ;17972;72;1;35250407075762000104550010000179721711693109      ;6;189;1134;1134;0;0;0;24/04/2025;04/06/2025;04/06/2025;125;4,16;120,84;0;0;120,84
NOVO;129937;SOMBREADOR  DE ESTACIONAMENTO           ;73269090       ;;;26217;SOMBREADOR  DE ESTACIONAMENTO ;7;MÓVEIS E UTENSÍLIOS                                         ;14-27;INTELLI IND.TERM.ELETR.LTDA MULTIPLEX-ESTACIONAMENTO;9;APELIDO;36648122/0001-36;VN DA SILVA PORTAS AUTOMATICAS E SOMBREADORES               ;702;72;1;35250536648122000136550010000007021156086446      ;1;8500;8500;8500;8500;1,25;106,25;15/05/2025;09/06/2025;09/06/2025;8500;283,32;8216,68;0;0;8216,68
NOVO;129937;SOMBREADOR  DE ESTACIONAMENTO           ;73269090       ;;;26218;SOMBREADOR  DE ESTACIONAMENTO ;7;MÓVEIS E UTENSÍLIOS                                         ;14-27;INTELLI IND.TERM.ELETR.LTDA MULTIPLEX-ESTACIONAMENTO;9;APELIDO;36648122/0001-36;VN DA SILVA PORTAS AUTOMATICAS E SOMBREADORES               ;703;72;1;35250536648122000136550010000007031342978928      ;2;8500;17000;17000;17000;1,25;212,5;15/05/2025;09/06/2025;09/06/2025;8500;283,32;8216,68;0;0;8216,68
NOVO;129937;SOMBREADOR  DE ESTACIONAMENTO           ;73269090       ;;;26219;SOMBREADOR  DE ESTACIONAMENTO ;7;MÓVEIS E UTENSÍLIOS                                         ;14-27;INTELLI IND.TERM.ELETR.LTDA MULTIPLEX-ESTACIONAMENTO;9;APELIDO;36648122/0001-36;VN DA SILVA PORTAS AUTOMATICAS E SOMBREADORES               ;703;72;1;35250536648122000136550010000007031342978928      ;2;8500;17000;17000;17000;1,25;212,5;15/05/2025;09/06/2025;09/06/2025;8500;283,32;8216,68;0;0;8216,68
USADO;136056;BOBINA DE FERRO USADA                   ;72082500       ;;;26220;BOBINA DE FERRO USADA ;6;MÁQ EQUIP FABRICA - REAVAL                                  ;14-23;INTELLI IND.TERM.ELETR.LTDA MULTIPLEX-GIM - GESTÃO INTEGRADA DE MATERIAIS;9;APELIDO;71527212/0001-70;BONANDI COMERCIO E REPRESENTACOES LTDA.                     ;2179;72;1;35250571527212000170550010000021791109345664      ;51;100;5100;5100;5100;18;918;30/05/2025;09/06/2025;09/06/2025;82;2,72;79,28;0;0;79,28
USADO;136056;BOBINA DE FERRO USADA                   ;72082500       ;;;26221;BOBINA DE FERRO USADA ;6;MÁQ EQUIP FABRICA - REAVAL                                  ;14-23;INTELLI IND.TERM.ELETR.LTDA MULTIPLEX-GIM - GESTÃO INTEGRADA DE MATERIAIS;9;APELIDO;71527212/0001-70;BONANDI COMERCIO E REPRESENTACOES LTDA.                     ;2179;72;1;35250571527212000170550010000021791109345664      ;51;100;5100;5100;5100;18;918;30/05/2025;09/06/2025;09/06/2025;82;2,72;79,28;0;0;79,28
USADO;136056;BOBINA DE FERRO USADA                   ;72082500       ;;;26222;BOBINA DE FERRO USADA ;6;MÁQ EQUIP FABRICA - REAVAL                                  ;14-23;INTELLI IND.TERM.ELETR.LTDA MULTIPLEX-GIM - GESTÃO INTEGRADA DE MATERIAIS;9;APELIDO;71527212/0001-70;BONANDI COMERCIO E REPRESENTACOES LTDA.                     ;2179;72;1;35250571527212000170550010000021791109345664      ;51;100;5100;5100;5100;18;918;30/05/2025;09/06/2025;09/06/2025;82;2,72;79,28;0;0;79,28
USADO;136056;BOBINA DE FERRO USADA                   ;72082500       ;;;26223;BOBINA DE FERRO USADA ;6;MÁQ EQUIP FABRICA - REAVAL                                  ;14-23;INTELLI IND.TERM.ELETR.LTDA MULTIPLEX-GIM - GESTÃO INTEGRADA DE MATERIAIS;9;APELIDO;71527212/0001-70;BONANDI COMERCIO E REPRESENTACOES LTDA.                     ;2179;72;1;35250571527212000170550010000021791109345664      ;51;100;5100;5100;5100;18;918;30/05/2025;09/06/2025;09/06/2025;82;2,72;79,28;0;0;79,28
USADO;136056;BOBINA DE FERRO USADA                   ;72082500       ;;;26224;BOBINA DE FERRO USADA ;6;MÁQ EQUIP FABRICA - REAVAL                                  ;14-23;INTELLI IND.TERM.ELETR.LTDA MULTIPLEX-GIM - GESTÃO INTEGRADA DE MATERIAIS;9;APELIDO;71527212/0001-70;BONANDI COMERCIO E REPRESENTACOES LTDA.                     ;2179;72;1;35250571527212000170550010000021791109345664      ;51;100;5100;5100;5100;18;918;30/05/2025;09/06/2025;09/06/2025;82;2,72;79,28;0;0;79,28
USADO;136056;BOBINA DE FERRO USADA                   ;72082500       ;;;26225;BOBINA DE FERRO USADA ;6;MÁQ EQUIP FABRICA - REAVAL                                  ;14-23;INTELLI IND.TERM.ELETR.LTDA MULTIPLEX-GIM - GESTÃO INTEGRADA DE MATERIAIS;9;APELIDO;71527212/0001-70;BONANDI COMERCIO E REPRESENTACOES LTDA.                     ;2179;72;1;35250571527212000170550010000021791109345664      ;51;100;5100;5100;5100;18;918;30/05/2025;09/06/2025;09/06/2025;82;2,72;79,28;0;0;79,28
USADO;136056;BOBINA DE FERRO USADA                   ;72082500       ;;;26226;BOBINA DE FERRO USADA ;6;MÁQ EQUIP FABRICA - REAVAL                                  ;14-23;INTELLI IND.TERM.ELETR.LTDA MULTIPLEX-GIM - GESTÃO INTEGRADA DE MATERIAIS;9;APELIDO;71527212/0001-70;BONANDI COMERCIO E REPRESENTACOES LTDA.                     ;2179;72;1;35250571527212000170550010000021791109345664      ;51;100;5100;5100;5100;18;918;30/05/2025;09/06/2025;09/06/2025;82;2,72;79,28;0;0;79,28
USADO;136056;BOBINA DE FERRO USADA                   ;72082500       ;;;26227;BOBINA DE FERRO USADA ;6;MÁQ EQUIP FABRICA - REAVAL                                  ;14-23;INTELLI IND.TERM.ELETR.LTDA MULTIPLEX-GIM - GESTÃO INTEGRADA DE MATERIAIS;9;APELIDO;71527212/0001-70;BONANDI COMERCIO E REPRESENTACOES LTDA.                     ;2179;72;1;35250571527212000170550010000021791109345664      ;51;100;5100;5100;5100;18;918;30/05/2025;09/06/2025;09/06/2025;82;2,72;79,28;0;0;79,28
USADO;136056;BOBINA DE FERRO USADA                   ;72082500       ;;;26228;BOBINA DE FERRO USADA ;6;MÁQ EQUIP FABRICA - REAVAL                                  ;14-23;INTELLI IND.TERM.ELETR.LTDA MULTIPLEX-GIM - GESTÃO INTEGRADA DE MATERIAIS;9;APELIDO;71527212/0001-70;BONANDI COMERCIO E REPRESENTACOES LTDA.                     ;2179;72;1;35250571527212000170550010000021791109345664      ;51;100;5100;5100;5100;18;918;30/05/2025;09/06/2025;09/06/2025;82;2,72;79,28;0;0;79,28
USADO;136056;BOBINA DE FERRO USADA                   ;72082500       ;;;26229;BOBINA DE FERRO USADA ;6;MÁQ EQUIP FABRICA - REAVAL                                  ;14-23;INTELLI IND.TERM.ELETR.LTDA MULTIPLEX-GIM - GESTÃO INTEGRADA DE MATERIAIS;9;APELIDO;71527212/0001-70;BONANDI COMERCIO E REPRESENTACOES LTDA.                     ;2179;72;1;35250571527212000170550010000021791109345664      ;51;100;5100;5100;5100;18;918;30/05/2025;09/06/2025;09/06/2025;82;2,72;79,28;0;0;79,28
USADO;136056;BOBINA DE FERRO USADA                   ;72082500       ;;;26230;BOBINA DE FERRO USADA ;6;MÁQ EQUIP FABRICA - REAVAL                                  ;14-23;INTELLI IND.TERM.ELETR.LTDA MULTIPLEX-GIM - GESTÃO INTEGRADA DE MATERIAIS;9;APELIDO;71527212/0001-70;BONANDI COMERCIO E REPRESENTACOES LTDA.                     ;2179;72;1;35250571527212000170550010000021791109345664      ;51;100;5100;5100;5100;18;918;30/05/2025;09/06/2025;09/06/2025;82;2,72;79,28;0;0;79,28
USADO;136056;BOBINA DE FERRO USADA                   ;72082500       ;;;26231;BOBINA DE FERRO USADA ;6;MÁQ EQUIP FABRICA - REAVAL                                  ;14-23;INTELLI IND.TERM.ELETR.LTDA MULTIPLEX-GIM - GESTÃO INTEGRADA DE MATERIAIS;9;APELIDO;71527212/0001-70;BONANDI COMERCIO E REPRESENTACOES LTDA.                     ;2179;72;1;35250571527212000170550010000021791109345664      ;51;100;5100;5100;5100;18;918;30/05/2025;09/06/2025;09/06/2025;82;2,72;79,28;0;0;79,28
USADO;136056;BOBINA DE FERRO USADA                   ;72082500       ;;;26232;BOBINA DE FERRO USADA ;6;MÁQ EQUIP FABRICA - REAVAL                                  ;14-23;INTELLI IND.TERM.ELETR.LTDA MULTIPLEX-GIM - GESTÃO INTEGRADA DE MATERIAIS;9;APELIDO;71527212/0001-70;BONANDI COMERCIO E REPRESENTACOES LTDA.                     ;2179;72;1;35250571527212000170550010000021791109345664      ;51;100;5100;5100;5100;18;918;30/05/2025;09/06/2025;09/06/2025;82;2,72;79,28;0;0;79,28
USADO;136056;BOBINA DE FERRO USADA                   ;72082500       ;;;26233;BOBINA DE FERRO USADA ;6;MÁQ EQUIP FABRICA - REAVAL                                  ;14-23;INTELLI IND.TERM.ELETR.LTDA MULTIPLEX-GIM - GESTÃO INTEGRADA DE MATERIAIS;9;APELIDO;71527212/0001-70;BONANDI COMERCIO E REPRESENTACOES LTDA.                     ;2179;72;1;35250571527212000170550010000021791109345664      ;51;100;5100;5100;5100;18;918;30/05/2025;09/06/2025;09/06/2025;82;2,72;79,28;0;0;79,28
USADO;136056;BOBINA DE FERRO USADA                   ;72082500       ;;;26234;BOBINA DE FERRO USADA ;6;MÁQ EQUIP FABRICA - REAVAL                                  ;14-23;INTELLI IND.TERM.ELETR.LTDA MULTIPLEX-GIM - GESTÃO INTEGRADA DE MATERIAIS;9;APELIDO;71527212/0001-70;BONANDI COMERCIO E REPRESENTACOES LTDA.                     ;2179;72;1;35250571527212000170550010000021791109345664      ;51;100;5100;5100;5100;18;918;30/05/2025;09/06/2025;09/06/2025;82;2,72;79,28;0;0;79,28
USADO;136056;BOBINA DE FERRO USADA                   ;72082500       ;;;26235;BOBINA DE FERRO USADA ;6;MÁQ EQUIP FABRICA - REAVAL                                  ;14-23;INTELLI IND.TERM.ELETR.LTDA MULTIPLEX-GIM - GESTÃO INTEGRADA DE MATERIAIS;9;APELIDO;71527212/0001-70;BONANDI COMERCIO E REPRESENTACOES LTDA.                     ;2179;72;1;35250571527212000170550010000021791109345664      ;51;100;5100;5100;5100;18;918;30/05/2025;09/06/2025;09/06/2025;82;2,72;79,28;0;0;79,28
USADO;136056;BOBINA DE FERRO USADA                   ;72082500       ;;;26236;BOBINA DE FERRO USADA ;6;MÁQ EQUIP FABRICA - REAVAL                                  ;14-23;INTELLI IND.TERM.ELETR.LTDA MULTIPLEX-GIM - GESTÃO INTEGRADA DE MATERIAIS;9;APELIDO;71527212/0001-70;BONANDI COMERCIO E REPRESENTACOES LTDA.                     ;2179;72;1;35250571527212000170550010000021791109345664      ;51;100;5100;5100;5100;18;918;30/05/2025;09/06/2025;09/06/2025;82;2,72;79,28;0;0;79,28
USADO;136056;BOBINA DE FERRO USADA                   ;72082500       ;;;26237;BOBINA DE FERRO USADA ;6;MÁQ EQUIP FABRICA - REAVAL                                  ;14-23;INTELLI IND.TERM.ELETR.LTDA MULTIPLEX-GIM - GESTÃO INTEGRADA DE MATERIAIS;9;APELIDO;71527212/0001-70;BONANDI COMERCIO E REPRESENTACOES LTDA.                     ;2179;72;1;35250571527212000170550010000021791109345664      ;51;100;5100;5100;5100;18;918;30/05/2025;09/06/2025;09/06/2025;82;2,72;79,28;0;0;79,28
USADO;136056;BOBINA DE FERRO USADA                   ;72082500       ;;;26238;BOBINA DE FERRO USADA ;6;MÁQ EQUIP FABRICA - REAVAL                                  ;14-23;INTELLI IND.TERM.ELETR.LTDA MULTIPLEX-GIM - GESTÃO INTEGRADA DE MATERIAIS;9;APELIDO;71527212/0001-70;BONANDI COMERCIO E REPRESENTACOES LTDA.                     ;2179;72;1;35250571527212000170550010000021791109345664      ;51;100;5100;5100;5100;18;918;30/05/2025;09/06/2025;09/06/2025;82;2,72;79,28;0;0;79,28
USADO;136056;BOBINA DE FERRO USADA                   ;72082500       ;;;26239;BOBINA DE FERRO USADA ;6;MÁQ EQUIP FABRICA - REAVAL                                  ;14-23;INTELLI IND.TERM.ELETR.LTDA MULTIPLEX-GIM - GESTÃO INTEGRADA DE MATERIAIS;9;APELIDO;71527212/0001-70;BONANDI COMERCIO E REPRESENTACOES LTDA.                     ;2179;72;1;35250571527212000170550010000021791109345664      ;51;100;5100;5100;5100;18;918;30/05/2025;09/06/2025;09/06/2025;82;2,72;79,28;0;0;79,28
USADO;136056;BOBINA DE FERRO USADA                   ;72082500       ;;;26240;BOBINA DE FERRO USADA ;6;MÁQ EQUIP FABRICA - REAVAL                                  ;14-23;INTELLI IND.TERM.ELETR.LTDA MULTIPLEX-GIM - GESTÃO INTEGRADA DE MATERIAIS;9;APELIDO;71527212/0001-70;BONANDI COMERCIO E REPRESENTACOES LTDA.                     ;2179;72;1;35250571527212000170550010000021791109345664      ;51;100;5100;5100;5100;18;918;30/05/2025;09/06/2025;09/06/2025;82;2,72;79,28;0;0;79,28
USADO;136056;BOBINA DE FERRO USADA                   ;72082500       ;;;26241;BOBINA DE FERRO USADA ;6;MÁQ EQUIP FABRICA - REAVAL                                  ;14-23;INTELLI IND.TERM.ELETR.LTDA MULTIPLEX-GIM - GESTÃO INTEGRADA DE MATERIAIS;9;APELIDO;71527212/0001-70;BONANDI COMERCIO E REPRESENTACOES LTDA.                     ;2179;72;1;35250571527212000170550010000021791109345664      ;51;100;5100;5100;5100;18;918;30/05/2025;09/06/2025;09/06/2025;82;2,72;79,28;0;0;79,28
USADO;136056;BOBINA DE FERRO USADA                   ;72082500       ;;;26242;BOBINA DE FERRO USADA ;6;MÁQ EQUIP FABRICA - REAVAL                                  ;14-23;INTELLI IND.TERM.ELETR.LTDA MULTIPLEX-GIM - GESTÃO INTEGRADA DE MATERIAIS;9;APELIDO;71527212/0001-70;BONANDI COMERCIO E REPRESENTACOES LTDA.                     ;2179;72;1;35250571527212000170550010000021791109345664      ;51;100;5100;5100;5100;18;918;30/05/2025;09/06/2025;09/06/2025;82;2,72;79,28;0;0;79,28
USADO;136056;BOBINA DE FERRO USADA                   ;72082500       ;;;26243;BOBINA DE FERRO USADA ;6;MÁQ EQUIP FABRICA - REAVAL                                  ;14-23;INTELLI IND.TERM.ELETR.LTDA MULTIPLEX-GIM - GESTÃO INTEGRADA DE MATERIAIS;9;APELIDO;71527212/0001-70;BONANDI COMERCIO E REPRESENTACOES LTDA.                     ;2179;72;1;35250571527212000170550010000021791109345664      ;51;100;5100;5100;5100;18;918;30/05/2025;09/06/2025;09/06/2025;82;2,72;79,28;0;0;79,28
USADO;136056;BOBINA DE FERRO USADA                   ;72082500       ;;;26244;BOBINA DE FERRO USADA ;6;MÁQ EQUIP FABRICA - REAVAL                                  ;14-23;INTELLI IND.TERM.ELETR.LTDA MULTIPLEX-GIM - GESTÃO INTEGRADA DE MATERIAIS;9;APELIDO;71527212/0001-70;BONANDI COMERCIO E REPRESENTACOES LTDA.                     ;2179;72;1;35250571527212000170550010000021791109345664      ;51;100;5100;5100;5100;18;918;30/05/2025;09/06/2025;09/06/2025;82;2,72;79,28;0;0;79,28
USADO;136056;BOBINA DE FERRO USADA                   ;72082500       ;;;26245;BOBINA DE FERRO USADA ;6;MÁQ EQUIP FABRICA - REAVAL                                  ;14-23;INTELLI IND.TERM.ELETR.LTDA MULTIPLEX-GIM - GESTÃO INTEGRADA DE MATERIAIS;9;APELIDO;71527212/0001-70;BONANDI COMERCIO E REPRESENTACOES LTDA.                     ;2179;72;1;35250571527212000170550010000021791109345664      ;51;100;5100;5100;5100;18;918;30/05/2025;09/06/2025;09/06/2025;82;2,72;79,28;0;0;79,28
USADO;136056;BOBINA DE FERRO USADA                   ;72082500       ;;;26246;BOBINA DE FERRO USADA ;6;MÁQ EQUIP FABRICA - REAVAL                                  ;14-23;INTELLI IND.TERM.ELETR.LTDA MULTIPLEX-GIM - GESTÃO INTEGRADA DE MATERIAIS;9;APELIDO;71527212/0001-70;BONANDI COMERCIO E REPRESENTACOES LTDA.                     ;2179;72;1;35250571527212000170550010000021791109345664      ;51;100;5100;5100;5100;18;918;30/05/2025;09/06/2025;09/06/2025;82;2,72;79,28;0;0;79,28
USADO;136056;BOBINA DE FERRO USADA                   ;72082500       ;;;26247;BOBINA DE FERRO USADA ;6;MÁQ EQUIP FABRICA - REAVAL                                  ;14-23;INTELLI IND.TERM.ELETR.LTDA MULTIPLEX-GIM - GESTÃO INTEGRADA DE MATERIAIS;9;APELIDO;71527212/0001-70;BONANDI COMERCIO E REPRESENTACOES LTDA.                     ;2179;72;1;35250571527212000170550010000021791109345664      ;51;100;5100;5100;5100;18;918;30/05/2025;09/06/2025;09/06/2025;82;2,72;79,28;0;0;79,28
USADO;136056;BOBINA DE FERRO USADA                   ;72082500       ;;;26248;BOBINA DE FERRO USADA ;6;MÁQ EQUIP FABRICA - REAVAL                                  ;14-23;INTELLI IND.TERM.ELETR.LTDA MULTIPLEX-GIM - GESTÃO INTEGRADA DE MATERIAIS;9;APELIDO;71527212/0001-70;BONANDI COMERCIO E REPRESENTACOES LTDA.                     ;2179;72;1;35250571527212000170550010000021791109345664      ;51;100;5100;5100;5100;18;918;30/05/2025;09/06/2025;09/06/2025;82;2,72;79,28;0;0;79,28
USADO;136056;BOBINA DE FERRO USADA                   ;72082500       ;;;26249;BOBINA DE FERRO USADA ;6;MÁQ EQUIP FABRICA - REAVAL                                  ;14-23;INTELLI IND.TERM.ELETR.LTDA MULTIPLEX-GIM - GESTÃO INTEGRADA DE MATERIAIS;9;APELIDO;71527212/0001-70;BONANDI COMERCIO E REPRESENTACOES LTDA.                     ;2179;72;1;35250571527212000170550010000021791109345664      ;51;100;5100;5100;5100;18;918;30/05/2025;09/06/2025;09/06/2025;82;2,72;79,28;0;0;79,28
USADO;136056;BOBINA DE FERRO USADA                   ;72082500       ;;;26250;BOBINA DE FERRO USADA ;6;MÁQ EQUIP FABRICA - REAVAL                                  ;14-23;INTELLI IND.TERM.ELETR.LTDA MULTIPLEX-GIM - GESTÃO INTEGRADA DE MATERIAIS;9;APELIDO;71527212/0001-70;BONANDI COMERCIO E REPRESENTACOES LTDA.                     ;2179;72;1;35250571527212000170550010000021791109345664      ;51;100;5100;5100;5100;18;918;30/05/2025;09/06/2025;09/06/2025;82;2,72;79,28;0;0;79,28
USADO;136056;BOBINA DE FERRO USADA                   ;72082500       ;;;26251;BOBINA DE FERRO USADA ;6;MÁQ EQUIP FABRICA - REAVAL                                  ;14-23;INTELLI IND.TERM.ELETR.LTDA MULTIPLEX-GIM - GESTÃO INTEGRADA DE MATERIAIS;9;APELIDO;71527212/0001-70;BONANDI COMERCIO E REPRESENTACOES LTDA.                     ;2179;72;1;35250571527212000170550010000021791109345664      ;51;100;5100;5100;5100;18;918;30/05/2025;09/06/2025;09/06/2025;82;2,72;79,28;0;0;79,28
USADO;136056;BOBINA DE FERRO USADA                   ;72082500       ;;;26252;BOBINA DE FERRO USADA ;6;MÁQ EQUIP FABRICA - REAVAL                                  ;14-23;INTELLI IND.TERM.ELETR.LTDA MULTIPLEX-GIM - GESTÃO INTEGRADA DE MATERIAIS;9;APELIDO;71527212/0001-70;BONANDI COMERCIO E REPRESENTACOES LTDA.                     ;2179;72;1;35250571527212000170550010000021791109345664      ;51;100;5100;5100;5100;18;918;30/05/2025;09/06/2025;09/06/2025;82;2,72;79,28;0;0;79,28
USADO;136056;BOBINA DE FERRO USADA                   ;72082500       ;;;26253;BOBINA DE FERRO USADA ;6;MÁQ EQUIP FABRICA - REAVAL                                  ;14-23;INTELLI IND.TERM.ELETR.LTDA MULTIPLEX-GIM - GESTÃO INTEGRADA DE MATERIAIS;9;APELIDO;71527212/0001-70;BONANDI COMERCIO E REPRESENTACOES LTDA.                     ;2179;72;1;35250571527212000170550010000021791109345664      ;51;100;5100;5100;5100;18;918;30/05/2025;09/06/2025;09/06/2025;82;2,72;79,28;0;0;79,28
USADO;136056;BOBINA DE FERRO USADA                   ;72082500       ;;;26254;BOBINA DE FERRO USADA ;6;MÁQ EQUIP FABRICA - REAVAL                                  ;14-23;INTELLI IND.TERM.ELETR.LTDA MULTIPLEX-GIM - GESTÃO INTEGRADA DE MATERIAIS;9;APELIDO;71527212/0001-70;BONANDI COMERCIO E REPRESENTACOES LTDA.                     ;2179;72;1;35250571527212000170550010000021791109345664      ;51;100;5100;5100;5100;18;918;30/05/2025;09/06/2025;09/06/2025;82;2,72;79,28;0;0;79,28
USADO;136056;BOBINA DE FERRO USADA                   ;72082500       ;;;26255;BOBINA DE FERRO USADA ;6;MÁQ EQUIP FABRICA - REAVAL                                  ;14-23;INTELLI IND.TERM.ELETR.LTDA MULTIPLEX-GIM - GESTÃO INTEGRADA DE MATERIAIS;9;APELIDO;71527212/0001-70;BONANDI COMERCIO E REPRESENTACOES LTDA.                     ;2179;72;1;35250571527212000170550010000021791109345664      ;51;100;5100;5100;5100;18;918;30/05/2025;09/06/2025;09/06/2025;82;2,72;79,28;0;0;79,28
USADO;136056;BOBINA DE FERRO USADA                   ;72082500       ;;;26256;BOBINA DE FERRO USADA ;6;MÁQ EQUIP FABRICA - REAVAL                                  ;14-23;INTELLI IND.TERM.ELETR.LTDA MULTIPLEX-GIM - GESTÃO INTEGRADA DE MATERIAIS;9;APELIDO;71527212/0001-70;BONANDI COMERCIO E REPRESENTACOES LTDA.                     ;2179;72;1;35250571527212000170550010000021791109345664      ;51;100;5100;5100;5100;18;918;30/05/2025;09/06/2025;09/06/2025;82;2,72;79,28;0;0;79,28
USADO;136056;BOBINA DE FERRO USADA                   ;72082500       ;;;26257;BOBINA DE FERRO USADA ;6;MÁQ EQUIP FABRICA - REAVAL                                  ;14-23;INTELLI IND.TERM.ELETR.LTDA MULTIPLEX-GIM - GESTÃO INTEGRADA DE MATERIAIS;9;APELIDO;71527212/0001-70;BONANDI COMERCIO E REPRESENTACOES LTDA.                     ;2179;72;1;35250571527212000170550010000021791109345664      ;51;100;5100;5100;5100;18;918;30/05/2025;09/06/2025;09/06/2025;82;2,72;79,28;0;0;79,28
USADO;136056;BOBINA DE FERRO USADA                   ;72082500       ;;;26258;BOBINA DE FERRO USADA ;6;MÁQ EQUIP FABRICA - REAVAL                                  ;14-23;INTELLI IND.TERM.ELETR.LTDA MULTIPLEX-GIM - GESTÃO INTEGRADA DE MATERIAIS;9;APELIDO;71527212/0001-70;BONANDI COMERCIO E REPRESENTACOES LTDA.                     ;2179;72;1;35250571527212000170550010000021791109345664      ;51;100;5100;5100;5100;18;918;30/05/2025;09/06/2025;09/06/2025;82;2,72;79,28;0;0;79,28
USADO;136056;BOBINA DE FERRO USADA                   ;72082500       ;;;26259;BOBINA DE FERRO USADA ;6;MÁQ EQUIP FABRICA - REAVAL                                  ;14-23;INTELLI IND.TERM.ELETR.LTDA MULTIPLEX-GIM - GESTÃO INTEGRADA DE MATERIAIS;9;APELIDO;71527212/0001-70;BONANDI COMERCIO E REPRESENTACOES LTDA.                     ;2179;72;1;35250571527212000170550010000021791109345664      ;51;100;5100;5100;5100;18;918;30/05/2025;09/06/2025;09/06/2025;82;2,72;79,28;0;0;79,28
USADO;136056;BOBINA DE FERRO USADA                   ;72082500       ;;;26260;BOBINA DE FERRO USADA ;6;MÁQ EQUIP FABRICA - REAVAL                                  ;14-23;INTELLI IND.TERM.ELETR.LTDA MULTIPLEX-GIM - GESTÃO INTEGRADA DE MATERIAIS;9;APELIDO;71527212/0001-70;BONANDI COMERCIO E REPRESENTACOES LTDA.                     ;2179;72;1;35250571527212000170550010000021791109345664      ;51;100;5100;5100;5100;18;918;30/05/2025;09/06/2025;09/06/2025;82;2,72;79,28;0;0;79,28
USADO;136056;BOBINA DE FERRO USADA                   ;72082500       ;;;26261;BOBINA DE FERRO USADA ;6;MÁQ EQUIP FABRICA - REAVAL                                  ;14-23;INTELLI IND.TERM.ELETR.LTDA MULTIPLEX-GIM - GESTÃO INTEGRADA DE MATERIAIS;9;APELIDO;71527212/0001-70;BONANDI COMERCIO E REPRESENTACOES LTDA.                     ;2179;72;1;35250571527212000170550010000021791109345664      ;51;100;5100;5100;5100;18;918;30/05/2025;09/06/2025;09/06/2025;82;2,72;79,28;0;0;79,28
USADO;136056;BOBINA DE FERRO USADA                   ;72082500       ;;;26262;BOBINA DE FERRO USADA ;6;MÁQ EQUIP FABRICA - REAVAL                                  ;14-23;INTELLI IND.TERM.ELETR.LTDA MULTIPLEX-GIM - GESTÃO INTEGRADA DE MATERIAIS;9;APELIDO;71527212/0001-70;BONANDI COMERCIO E REPRESENTACOES LTDA.                     ;2179;72;1;35250571527212000170550010000021791109345664      ;51;100;5100;5100;5100;18;918;30/05/2025;09/06/2025;09/06/2025;82;2,72;79,28;0;0;79,28
USADO;136056;BOBINA DE FERRO USADA                   ;72082500       ;;;26263;BOBINA DE FERRO USADA ;6;MÁQ EQUIP FABRICA - REAVAL                                  ;14-23;INTELLI IND.TERM.ELETR.LTDA MULTIPLEX-GIM - GESTÃO INTEGRADA DE MATERIAIS;9;APELIDO;71527212/0001-70;BONANDI COMERCIO E REPRESENTACOES LTDA.                     ;2179;72;1;35250571527212000170550010000021791109345664      ;51;100;5100;5100;5100;18;918;30/05/2025;09/06/2025;09/06/2025;82;2,72;79,28;0;0;79,28
USADO;136056;BOBINA DE FERRO USADA                   ;72082500       ;;;26264;BOBINA DE FERRO USADA ;6;MÁQ EQUIP FABRICA - REAVAL                                  ;14-23;INTELLI IND.TERM.ELETR.LTDA MULTIPLEX-GIM - GESTÃO INTEGRADA DE MATERIAIS;9;APELIDO;71527212/0001-70;BONANDI COMERCIO E REPRESENTACOES LTDA.                     ;2179;72;1;35250571527212000170550010000021791109345664      ;51;100;5100;5100;5100;18;918;30/05/2025;09/06/2025;09/06/2025;82;2,72;79,28;0;0;79,28
USADO;136056;BOBINA DE FERRO USADA                   ;72082500       ;;;26265;BOBINA DE FERRO USADA ;6;MÁQ EQUIP FABRICA - REAVAL                                  ;14-23;INTELLI IND.TERM.ELETR.LTDA MULTIPLEX-GIM - GESTÃO INTEGRADA DE MATERIAIS;9;APELIDO;71527212/0001-70;BONANDI COMERCIO E REPRESENTACOES LTDA.                     ;2179;72;1;35250571527212000170550010000021791109345664      ;51;100;5100;5100;5100;18;918;30/05/2025;09/06/2025;09/06/2025;82;2,72;79,28;0;0;79,28
USADO;136056;BOBINA DE FERRO USADA                   ;72082500       ;;;26266;BOBINA DE FERRO USADA ;6;MÁQ EQUIP FABRICA - REAVAL                                  ;14-23;INTELLI IND.TERM.ELETR.LTDA MULTIPLEX-GIM - GESTÃO INTEGRADA DE MATERIAIS;9;APELIDO;71527212/0001-70;BONANDI COMERCIO E REPRESENTACOES LTDA.                     ;2179;72;1;35250571527212000170550010000021791109345664      ;51;100;5100;5100;5100;18;918;30/05/2025;09/06/2025;09/06/2025;82;2,72;79,28;0;0;79,28
USADO;136056;BOBINA DE FERRO USADA                   ;72082500       ;;;26267;BOBINA DE FERRO USADA ;6;MÁQ EQUIP FABRICA - REAVAL                                  ;14-23;INTELLI IND.TERM.ELETR.LTDA MULTIPLEX-GIM - GESTÃO INTEGRADA DE MATERIAIS;9;APELIDO;71527212/0001-70;BONANDI COMERCIO E REPRESENTACOES LTDA.                     ;2179;72;1;35250571527212000170550010000021791109345664      ;51;100;5100;5100;5100;18;918;30/05/2025;09/06/2025;09/06/2025;82;2,72;79,28;0;0;79,28
USADO;136056;BOBINA DE FERRO USADA                   ;72082500       ;;;26268;BOBINA DE FERRO USADA ;6;MÁQ EQUIP FABRICA - REAVAL                                  ;14-23;INTELLI IND.TERM.ELETR.LTDA MULTIPLEX-GIM - GESTÃO INTEGRADA DE MATERIAIS;9;APELIDO;71527212/0001-70;BONANDI COMERCIO E REPRESENTACOES LTDA.                     ;2179;72;1;35250571527212000170550010000021791109345664      ;51;100;5100;5100;5100;18;918;30/05/2025;09/06/2025;09/06/2025;82;2,72;79,28;0;0;79,28
USADO;136056;BOBINA DE FERRO USADA                   ;72082500       ;;;26269;BOBINA DE FERRO USADA ;6;MÁQ EQUIP FABRICA - REAVAL                                  ;14-23;INTELLI IND.TERM.ELETR.LTDA MULTIPLEX-GIM - GESTÃO INTEGRADA DE MATERIAIS;9;APELIDO;71527212/0001-70;BONANDI COMERCIO E REPRESENTACOES LTDA.                     ;2179;72;1;35250571527212000170550010000021791109345664      ;51;100;5100;5100;5100;18;918;30/05/2025;09/06/2025;09/06/2025;82;2,72;79,28;0;0;79,28
USADO;136056;BOBINA DE FERRO USADA                   ;72082500       ;;;26270;BOBINA DE FERRO USADA ;6;MÁQ EQUIP FABRICA - REAVAL                                  ;14-23;INTELLI IND.TERM.ELETR.LTDA MULTIPLEX-GIM - GESTÃO INTEGRADA DE MATERIAIS;9;APELIDO;71527212/0001-70;BONANDI COMERCIO E REPRESENTACOES LTDA.                     ;2179;72;1;35250571527212000170550010000021791109345664      ;51;100;5100;5100;5100;18;918;30/05/2025;09/06/2025;09/06/2025;82;2,72;79,28;0;0;79,28
NOVO;131399;ESTANTE NICHO                           ;94036000       ;;;26271;ESTANTE NICHO ;7;MÓVEIS E UTENSÍLIOS                                         ;11-14;INTELLI IND.TERM.ELETR.LTDA - MATRIZ-COMÉRCIO EXTERIOR;9;APELIDO;9487220/0001-66;FAVARIN & GERVASIO LTDA                                     ;586;72;1;35250609487220000166550010000005861981142556      ;1;4650;4650;4650;0;0;0;02/06/2025;09/06/2025;09/06/2025;4650;155;4495;0;0;4495
NOVO;121078;MONITOR DELL P2222H                     ;85285200       ;;;26272;MONITOR DELL CSG 21,5 PRETO P2222H 210 BCTEC ;1;EQUIPAMENTOS DE INFORMÁTICA                                 ;14-3;INTELLI IND.TERM.ELETR.LTDA MULTIPLEX-RECURSOS HUMANOS;9;APELIDO;68993641/0008-02;AGIS EQUIPAMENTOS E SERVICOS DE INFORMATICA LTDA            ;529259;72;1;32250568993641000802550010005292591997615671      ;10;1129;11290;11290;11290;12;1354,8;28/05/2025;09/06/2025;09/06/2025;1129;75,28;1053,72;0;0;1053,72
NOVO;121078;MONITOR DELL P2222H                     ;85285200       ;;;26273;MONITOR DELL CSG 21,5 PRETO P2222H 210 BCTEC ;1;EQUIPAMENTOS DE INFORMÁTICA                                 ;14-3;INTELLI IND.TERM.ELETR.LTDA MULTIPLEX-RECURSOS HUMANOS;9;APELIDO;68993641/0008-02;AGIS EQUIPAMENTOS E SERVICOS DE INFORMATICA LTDA            ;529259;72;1;32250568993641000802550010005292591997615671      ;10;1129;11290;11290;11290;12;1354,8;28/05/2025;09/06/2025;09/06/2025;1129;75,28;1053,72;0;0;1053,72
NOVO;121078;MONITOR DELL P2222H                     ;85285200       ;;;26274;MONITOR DELL CSG 21,5 PRETO P2222H 210 BCTEC ;1;EQUIPAMENTOS DE INFORMÁTICA                                 ;14-3;INTELLI IND.TERM.ELETR.LTDA MULTIPLEX-RECURSOS HUMANOS;9;APELIDO;68993641/0008-02;AGIS EQUIPAMENTOS E SERVICOS DE INFORMATICA LTDA            ;529259;72;1;32250568993641000802550010005292591997615671      ;10;1129;11290;11290;11290;12;1354,8;28/05/2025;09/06/2025;09/06/2025;1129;75,28;1053,72;0;0;1053,72
NOVO;121078;MONITOR DELL P2222H                     ;85285200       ;;;26275;MONITOR DELL CSG 21,5 PRETO P2222H 210 BCTEC ;1;EQUIPAMENTOS DE INFORMÁTICA                                 ;14-3;INTELLI IND.TERM.ELETR.LTDA MULTIPLEX-RECURSOS HUMANOS;9;APELIDO;68993641/0008-02;AGIS EQUIPAMENTOS E SERVICOS DE INFORMATICA LTDA            ;529259;72;1;32250568993641000802550010005292591997615671      ;10;1129;11290;11290;11290;12;1354,8;28/05/2025;09/06/2025;09/06/2025;1129;75,28;1053,72;0;0;1053,72
NOVO;121078;MONITOR DELL P2222H                     ;85285200       ;;;26276;MONITOR DELL CSG 21,5 PRETO P2222H 210 BCTEC ;1;EQUIPAMENTOS DE INFORMÁTICA                                 ;14-3;INTELLI IND.TERM.ELETR.LTDA MULTIPLEX-RECURSOS HUMANOS;9;APELIDO;68993641/0008-02;AGIS EQUIPAMENTOS E SERVICOS DE INFORMATICA LTDA            ;529259;72;1;32250568993641000802550010005292591997615671      ;10;1129;11290;11290;11290;12;1354,8;28/05/2025;09/06/2025;09/06/2025;1129;75,28;1053,72;0;0;1053,72
NOVO;121078;MONITOR DELL P2222H                     ;85285200       ;;;26277;MONITOR DELL CSG 21,5 PRETO P2222H 210 BCTEC ;1;EQUIPAMENTOS DE INFORMÁTICA                                 ;14-3;INTELLI IND.TERM.ELETR.LTDA MULTIPLEX-RECURSOS HUMANOS;9;APELIDO;68993641/0008-02;AGIS EQUIPAMENTOS E SERVICOS DE INFORMATICA LTDA            ;529259;72;1;32250568993641000802550010005292591997615671      ;10;1129;11290;11290;11290;12;1354,8;28/05/2025;09/06/2025;09/06/2025;1129;75,28;1053,72;0;0;1053,72
NOVO;121078;MONITOR DELL P2222H                     ;85285200       ;;;26278;MONITOR DELL CSG 21,5 PRETO P2222H 210 BCTEC ;1;EQUIPAMENTOS DE INFORMÁTICA                                 ;14-3;INTELLI IND.TERM.ELETR.LTDA MULTIPLEX-RECURSOS HUMANOS;9;APELIDO;68993641/0008-02;AGIS EQUIPAMENTOS E SERVICOS DE INFORMATICA LTDA            ;529259;72;1;32250568993641000802550010005292591997615671      ;10;1129;11290;11290;11290;12;1354,8;28/05/2025;09/06/2025;09/06/2025;1129;75,28;1053,72;0;0;1053,72
NOVO;121078;MONITOR DELL P2222H                     ;85285200       ;;;26279;MONITOR DELL CSG 21,5 PRETO P2222H 210 BCTEC ;1;EQUIPAMENTOS DE INFORMÁTICA                                 ;14-3;INTELLI IND.TERM.ELETR.LTDA MULTIPLEX-RECURSOS HUMANOS;9;APELIDO;68993641/0008-02;AGIS EQUIPAMENTOS E SERVICOS DE INFORMATICA LTDA            ;529259;72;1;32250568993641000802550010005292591997615671      ;10;1129;11290;11290;11290;12;1354,8;28/05/2025;09/06/2025;09/06/2025;1129;75,28;1053,72;0;0;1053,72
NOVO;121078;MONITOR DELL P2222H                     ;85285200       ;;;26280;MONITOR DELL CSG 21,5 PRETO P2222H 210 BCTEC ;1;EQUIPAMENTOS DE INFORMÁTICA                                 ;14-3;INTELLI IND.TERM.ELETR.LTDA MULTIPLEX-RECURSOS HUMANOS;9;APELIDO;68993641/0008-02;AGIS EQUIPAMENTOS E SERVICOS DE INFORMATICA LTDA            ;529259;72;1;32250568993641000802550010005292591997615671      ;10;1129;11290;11290;11290;12;1354,8;28/05/2025;09/06/2025;09/06/2025;1129;75,28;1053,72;0;0;1053,72
NOVO;121078;MONITOR DELL P2222H                     ;85285200       ;;;26281;MONITOR DELL CSG 21,5 PRETO P2222H 210 BCTEC ;1;EQUIPAMENTOS DE INFORMÁTICA                                 ;14-3;INTELLI IND.TERM.ELETR.LTDA MULTIPLEX-RECURSOS HUMANOS;9;APELIDO;68993641/0008-02;AGIS EQUIPAMENTOS E SERVICOS DE INFORMATICA LTDA            ;529259;72;1;32250568993641000802550010005292591997615671      ;10;1129;11290;11290;11290;12;1354,8;28/05/2025;09/06/2025;09/06/2025;1129;75,28;1053,72;0;0;1053,72
;121906;COSSINETE M12 X 1,25 OSG                ;82074020       ;;;26282;PARAFUSADEIRA PUMA AT 4060 IMPACTO 1/4 ;2;FERRAMENTAS                                                 ;11-22;INTELLI IND.TERM.ELETR.LTDA - MATRIZ-USINAGEM;9;APELIDO;565813/0001-29;ANHANGUERA COMERCIO DE FERRAMENTAS LTDA.                    ;1403041;74;1;35250500565813000129550030014030411835093338      ;1;311,55;311,55;311,55;311,55;18;56,08;30/05/2025;06/06/2025;06/06/2025;4197,19;139,92;4057,27;0;0;4057,27
USADO;68463;PLACA DE DIVISORIA                      ;94033000       ;;;26283;PLACA DE DIVISORIA ;7;MÓVEIS E UTENSÍLIOS                                         ;14-1;INTELLI IND.TERM.ELETR.LTDA MULTIPLEX-CONTROLADORIA;9;APELIDO;9487220/0001-66;FAVARIN & GERVASIO LTDA                                     ;587;72;1;35250609487220000166550010000005871455000632      ;1;3600;3600;3600;0;0;0;03/06/2025;10/06/2025;10/06/2025;3600;120;3480;0;0;3480
NOVO;44342;ARQUIVO DE AÇO C4 GAVETA CH26 RODIZIO   ;94031000       ;;;26284;ARQUIVO DE AÇO C4 GAVETA CH26 RODIZIO ;7;MÓVEIS E UTENSÍLIOS                                         ;14-3;INTELLI IND.TERM.ELETR.LTDA MULTIPLEX-RECURSOS HUMANOS;9;APELIDO;12259056/0001-44;DANILO BELATO - ME                                          ;4731;72;1;35250512259056000144550010000047311141290276      ;1;1050;1050;1050;0;0;0;30/05/2025;11/06/2025;11/06/2025;1050;35;1015;0;0;1015
NOVO;44342;ARQUIVO DE AÇO C4 GAVETA CH26 RODIZIO   ;94031000       ;;;26285;ARQUIVO DE AÇO 4 GAV. CH 24 TELESCOPICO ;7;MÓVEIS E UTENSÍLIOS                                         ;14-3;INTELLI IND.TERM.ELETR.LTDA MULTIPLEX-RECURSOS HUMANOS;9;APELIDO;12259056/0001-44;DANILO BELATO - ME                                          ;4731;72;1;35250512259056000144550010000047311141290276      ;1;1050;1050;1050;0;0;0;30/05/2025;11/06/2025;11/06/2025;1280;42,68;1237,32;0;0;1237,32
NOVO;128057;COLUNA A GAS PRETA                      ;99999999       ;;;26286;CONJUNTO ESTOFADO EXECUTIVO ;7;MÓVEIS E UTENSÍLIOS                                         ;19-2;INTELLI IND.TERM.ELETR.LTDA - ISOLAZIONE-PRODUÇÃO;9;APELIDO;12259056/0001-44;DANILO BELATO - ME                                          ;4732;72;5;35250512259056000144550010000047321512158050      ;1;110;110;110;0;0;0;30/05/2025;11/06/2025;11/06/2025;965;32,16;932,84;0;0;932,84
NOVO;121078;MONITOR DELL P2222H                     ;85285200       ;;;26287;MONITOR DELL CSG 21,5 PRETO P2222H ;1;EQUIPAMENTOS DE INFORMÁTICA                                 ;11-17;INTELLI IND.TERM.ELETR.LTDA - MATRIZ-TECNOLOGIA DA INFORM. E COMUNIC. T.I.C.;9;APELIDO;68993641/0008-02;AGIS EQUIPAMENTOS E SERVICOS DE INFORMATICA LTDA            ;529842;72;1;32250568993641000802550010005298421843662420      ;10;1129;11290;11290;11290;12;1354,8;29/05/2025;11/06/2025;11/06/2025;1129;75,28;1053,72;0;0;1053,72
NOVO;121078;MONITOR DELL P2222H                     ;85285200       ;;;26288;MONITOR DELL CSG 21,5 PRETO P2222H ;1;EQUIPAMENTOS DE INFORMÁTICA                                 ;11-17;INTELLI IND.TERM.ELETR.LTDA - MATRIZ-TECNOLOGIA DA INFORM. E COMUNIC. T.I.C.;9;APELIDO;68993641/0008-02;AGIS EQUIPAMENTOS E SERVICOS DE INFORMATICA LTDA            ;529842;72;1;32250568993641000802550010005298421843662420      ;10;1129;11290;11290;11290;12;1354,8;29/05/2025;11/06/2025;11/06/2025;1129;75,28;1053,72;0;0;1053,72
NOVO;121078;MONITOR DELL P2222H                     ;85285200       ;;;26289;MONITOR DELL CSG 21,5 PRETO P2222H ;1;EQUIPAMENTOS DE INFORMÁTICA                                 ;11-17;INTELLI IND.TERM.ELETR.LTDA - MATRIZ-TECNOLOGIA DA INFORM. E COMUNIC. T.I.C.;9;APELIDO;68993641/0008-02;AGIS EQUIPAMENTOS E SERVICOS DE INFORMATICA LTDA            ;529842;72;1;32250568993641000802550010005298421843662420      ;10;1129;11290;11290;11290;12;1354,8;29/05/2025;11/06/2025;11/06/2025;1129;75,28;1053,72;0;0;1053,72
NOVO;121078;MONITOR DELL P2222H                     ;85285200       ;;;26290;MONITOR DELL CSG 21,5 PRETO P2222H ;1;EQUIPAMENTOS DE INFORMÁTICA                                 ;11-17;INTELLI IND.TERM.ELETR.LTDA - MATRIZ-TECNOLOGIA DA INFORM. E COMUNIC. T.I.C.;9;APELIDO;68993641/0008-02;AGIS EQUIPAMENTOS E SERVICOS DE INFORMATICA LTDA            ;529842;72;1;32250568993641000802550010005298421843662420      ;10;1129;11290;11290;11290;12;1354,8;29/05/2025;11/06/2025;11/06/2025;1129;75,28;1053,72;0;0;1053,72
NOVO;121078;MONITOR DELL P2222H                     ;85285200       ;;;26291;MONITOR DELL CSG 21,5 PRETO P2222H ;1;EQUIPAMENTOS DE INFORMÁTICA                                 ;11-17;INTELLI IND.TERM.ELETR.LTDA - MATRIZ-TECNOLOGIA DA INFORM. E COMUNIC. T.I.C.;9;APELIDO;68993641/0008-02;AGIS EQUIPAMENTOS E SERVICOS DE INFORMATICA LTDA            ;529842;72;1;32250568993641000802550010005298421843662420      ;10;1129;11290;11290;11290;12;1354,8;29/05/2025;11/06/2025;11/06/2025;1129;75,28;1053,72;0;0;1053,72
NOVO;121078;MONITOR DELL P2222H                     ;85285200       ;;;26292;MONITOR DELL CSG 21,5 PRETO P2222H ;1;EQUIPAMENTOS DE INFORMÁTICA                                 ;11-17;INTELLI IND.TERM.ELETR.LTDA - MATRIZ-TECNOLOGIA DA INFORM. E COMUNIC. T.I.C.;9;APELIDO;68993641/0008-02;AGIS EQUIPAMENTOS E SERVICOS DE INFORMATICA LTDA            ;529842;72;1;32250568993641000802550010005298421843662420      ;10;1129;11290;11290;11290;12;1354,8;29/05/2025;11/06/2025;11/06/2025;1129;75,28;1053,72;0;0;1053,72
NOVO;121078;MONITOR DELL P2222H                     ;85285200       ;;;26293;MONITOR DELL CSG 21,5 PRETO P2222H ;1;EQUIPAMENTOS DE INFORMÁTICA                                 ;11-17;INTELLI IND.TERM.ELETR.LTDA - MATRIZ-TECNOLOGIA DA INFORM. E COMUNIC. T.I.C.;9;APELIDO;68993641/0008-02;AGIS EQUIPAMENTOS E SERVICOS DE INFORMATICA LTDA            ;529842;72;1;32250568993641000802550010005298421843662420      ;10;1129;11290;11290;11290;12;1354,8;29/05/2025;11/06/2025;11/06/2025;1129;75,28;1053,72;0;0;1053,72
NOVO;121078;MONITOR DELL P2222H                     ;85285200       ;;;26294;MONITOR DELL CSG 21,5 PRETO P2222H ;1;EQUIPAMENTOS DE INFORMÁTICA                                 ;11-17;INTELLI IND.TERM.ELETR.LTDA - MATRIZ-TECNOLOGIA DA INFORM. E COMUNIC. T.I.C.;9;APELIDO;68993641/0008-02;AGIS EQUIPAMENTOS E SERVICOS DE INFORMATICA LTDA            ;529842;72;1;32250568993641000802550010005298421843662420      ;10;1129;11290;11290;11290;12;1354,8;29/05/2025;11/06/2025;11/06/2025;1129;75,28;1053,72;0;0;1053,72
NOVO;121078;MONITOR DELL P2222H                     ;85285200       ;;;26295;MONITOR DELL CSG 21,5 PRETO P2222H ;1;EQUIPAMENTOS DE INFORMÁTICA                                 ;11-17;INTELLI IND.TERM.ELETR.LTDA - MATRIZ-TECNOLOGIA DA INFORM. E COMUNIC. T.I.C.;9;APELIDO;68993641/0008-02;AGIS EQUIPAMENTOS E SERVICOS DE INFORMATICA LTDA            ;529842;72;1;32250568993641000802550010005298421843662420      ;10;1129;11290;11290;11290;12;1354,8;29/05/2025;11/06/2025;11/06/2025;1129;75,28;1053,72;0;0;1053,72
NOVO;121078;MONITOR DELL P2222H                     ;85285200       ;;;26296;MONITOR DELL CSG 21,5 PRETO P2222H ;1;EQUIPAMENTOS DE INFORMÁTICA                                 ;11-17;INTELLI IND.TERM.ELETR.LTDA - MATRIZ-TECNOLOGIA DA INFORM. E COMUNIC. T.I.C.;9;APELIDO;68993641/0008-02;AGIS EQUIPAMENTOS E SERVICOS DE INFORMATICA LTDA            ;529842;72;1;32250568993641000802550010005298421843662420      ;10;1129;11290;11290;11290;12;1354,8;29/05/2025;11/06/2025;11/06/2025;1129;75,28;1053,72;0;0;1053,72
NOVO;120351;CAMERA INTEL VHD1130 B30M 2,8MMG7 BULLET;85258929       ;;;26297;CAMERA INTEL VHD1130 B30M 2,8MMG7 BULLET ;1;EQUIPAMENTOS DE INFORMÁTICA                                 ;14-17;INTELLI IND.TERM.ELETR.LTDA MULTIPLEX-MANUTENÇÃO ELÉTRICA;9;APELIDO;9628632/0001-79;O M  NETWORK E SEGURANCA ELETRONICA LTDA                    ;9970;72;1;35250509628632000179550010000099701183883122      ;6;222;1332;1371;39;0;0;20/05/2025;11/06/2025;11/06/2025;228,5;15,24;213,26;0;0;213,26
NOVO;120351;CAMERA INTEL VHD1130 B30M 2,8MMG7 BULLET;85258929       ;;;26298;CAMERA INTEL VHD1130 B30M 2,8MMG7 BULLET ;1;EQUIPAMENTOS DE INFORMÁTICA                                 ;14-17;INTELLI IND.TERM.ELETR.LTDA MULTIPLEX-MANUTENÇÃO ELÉTRICA;9;APELIDO;9628632/0001-79;O M  NETWORK E SEGURANCA ELETRONICA LTDA                    ;9970;72;1;35250509628632000179550010000099701183883122      ;6;222;1332;1371;39;0;0;20/05/2025;11/06/2025;11/06/2025;228,5;15,24;213,26;0;0;213,26
NOVO;120351;CAMERA INTEL VHD1130 B30M 2,8MMG7 BULLET;85258929       ;;;26299;CAMERA INTEL VHD1130 B30M 2,8MMG7 BULLET ;1;EQUIPAMENTOS DE INFORMÁTICA                                 ;14-17;INTELLI IND.TERM.ELETR.LTDA MULTIPLEX-MANUTENÇÃO ELÉTRICA;9;APELIDO;9628632/0001-79;O M  NETWORK E SEGURANCA ELETRONICA LTDA                    ;9970;72;1;35250509628632000179550010000099701183883122      ;6;222;1332;1371;39;0;0;20/05/2025;11/06/2025;11/06/2025;228,5;15,24;213,26;0;0;213,26
NOVO;120351;CAMERA INTEL VHD1130 B30M 2,8MMG7 BULLET;85258929       ;;;26300;CAMERA INTEL VHD1130 B30M 2,8MMG7 BULLET ;1;EQUIPAMENTOS DE INFORMÁTICA                                 ;14-17;INTELLI IND.TERM.ELETR.LTDA MULTIPLEX-MANUTENÇÃO ELÉTRICA;9;APELIDO;9628632/0001-79;O M  NETWORK E SEGURANCA ELETRONICA LTDA                    ;9970;72;1;35250509628632000179550010000099701183883122      ;6;222;1332;1371;39;0;0;20/05/2025;11/06/2025;11/06/2025;228,5;15,24;213,26;0;0;213,26
NOVO;120351;CAMERA INTEL VHD1130 B30M 2,8MMG7 BULLET;85258929       ;;;26301;CAMERA INTEL VHD1130 B30M 2,8MMG7 BULLET ;1;EQUIPAMENTOS DE INFORMÁTICA                                 ;14-17;INTELLI IND.TERM.ELETR.LTDA MULTIPLEX-MANUTENÇÃO ELÉTRICA;9;APELIDO;9628632/0001-79;O M  NETWORK E SEGURANCA ELETRONICA LTDA                    ;9970;72;1;35250509628632000179550010000099701183883122      ;6;222;1332;1371;39;0;0;20/05/2025;11/06/2025;11/06/2025;228,5;15,24;213,26;0;0;213,26
NOVO;120351;CAMERA INTEL VHD1130 B30M 2,8MMG7 BULLET;85258929       ;;;26302;CAMERA INTEL VHD1130 B30M 2,8MMG7 BULLET ;1;EQUIPAMENTOS DE INFORMÁTICA                                 ;14-17;INTELLI IND.TERM.ELETR.LTDA MULTIPLEX-MANUTENÇÃO ELÉTRICA;9;APELIDO;9628632/0001-79;O M  NETWORK E SEGURANCA ELETRONICA LTDA                    ;9970;72;1;35250509628632000179550010000099701183883122      ;6;222;1332;1371;39;0;0;20/05/2025;11/06/2025;11/06/2025;228,44;15,24;213,2;0;0;213,2
NOVO;135557;LEITOR NONUS 2D/1D QR202D               ;84719019       ;;;26303;LEITOR NONUS 2D/1D QR202D ;1;EQUIPAMENTOS DE INFORMÁTICA                                 ;14-12;INTELLI IND.TERM.ELETR.LTDA MULTIPLEX-EXPEDIÇÃO;9;APELIDO;27343163/0001-23;RD INFORMATICA LTDA                                         ;928;72;1;35250527343163000123550010000009281510002947      ;2;295;590;590;0;0;0;27/05/2025;12/06/2025;12/06/2025;295;19,68;275,32;0;0;275,32
NOVO;135557;LEITOR NONUS 2D/1D QR202D               ;84719019       ;;;26304;LEITOR NONUS 2D/1D QR202D ;1;EQUIPAMENTOS DE INFORMÁTICA                                 ;14-12;INTELLI IND.TERM.ELETR.LTDA MULTIPLEX-EXPEDIÇÃO;9;APELIDO;27343163/0001-23;RD INFORMATICA LTDA                                         ;928;72;1;35250527343163000123550010000009281510002947      ;2;295;590;590;0;0;0;27/05/2025;12/06/2025;12/06/2025;295;19,68;275,32;0;0;275,32
NOVO;104974;KIT 10 RADIOS WALKTALK BAOFENG 777S     ;39241000       ;;;26305;KIT DE 10 RADIOS WALK TALK COMUNICADOR 16 CH 12 KM BOAFENG 777 CO PRETO;7;MÓVEIS E UTENSÍLIOS                                         ;14-13;INTELLI IND.TERM.ELETR.LTDA MULTIPLEX-MANUTENÇÃO MECÂNICA;9;APELIDO;24318218/0001-57;WM AUTOMACAO & EQUIPAMENTOS LTDA.                           ;3344;72;1;35250524318218000157550010000033441043277003      ;1;618;618;618;0;0;0;26/05/2025;13/06/2025;13/06/2025;618;20,6;597,4;0;0;597,4
NOVO;134433;BASE GIRATÓRIA                          ;72085100       ;;;26306;BASE GIRATORIA PARA ENCO 035 ;6;MÁQ EQUIP FABRICA - REAVAL                                  ;14-18;INTELLI IND.TERM.ELETR.LTDA MULTIPLEX-MULTIPLEX 2;9;APELIDO;45102648/0001-07;TATIANA GRANER SILVERIO DE SOUZA LTDA                       ;1610;72;1;35250545102648000107550010000016101309042842      ;1;8925;8925;8925;0;0;0;28/05/2025;13/06/2025;13/06/2025;8099,44;270;7829,44;0;0;7829,44
NOVO;126150;EVAP HI-WALL                            ;84151011       ;;;26307;AR CONDICIONADO ELGIN 30FR 45HJFE30C2CB COM EVAPARADORA ;7;MÓVEIS E UTENSÍLIOS                                         ;14-12;INTELLI IND.TERM.ELETR.LTDA MULTIPLEX-EXPEDIÇÃO;9;APELIDO;18928807/0001-54;UNIAR COMERCIO DE ELETRO-ELETRÔNICOS E SERVIÇOS LTDA        ;986172;72;2;31250518928807000154550010009861721170106686      ;1;2501,6;2501,6;2501,6;2501,6;12;300,19;19/05/2025;16/06/2025;16/06/2025;6254;208,48;6045,52;0;0;6045,52
NOVO;21978;MÁQUINA SELADORA                        ;84224090       ;;;26308;SELADORA FP 35 SS 3MM CTR BIVOLT ;6;MÁQ EQUIP FABRICA - REAVAL                                  ;16-2;INTELLI IND. TERM. ELETR. - MONTAGGIO-LINHA DE EMBALAGEM;9;APELIDO;45235314/0001-01;INDUSTRIA DE MAQUINAS PARA PLASTICOS IMAP LTDA - EPP        ;31257;72;1;35250545235314000101550010000312571000566311      ;1;2490;2490;2490;0;0;0;29/05/2025;16/06/2025;16/06/2025;2259,67;75,32;2184,35;0;0;2184,35
;;;;;;26309;FABRICAÇÃO DE ESTALEIRO PARA MANUTENÇÃO MECÂNICA. ;7;MÓVEIS E UTENSÍLIOS                                         ;14-13;INTELLI IND.TERM.ELETR.LTDA MULTIPLEX-MANUTENÇÃO MECÂNICA;9;APELIDO;45102648/0001-07;TATIANA GRANER SILVERIO DE SOUZA LTDA                       ;1622;72;1;;;;;;;;;;;16/06/2025;2900;96,68;2803,32;0;0;2803,32
NOVO;135612;FOGÃO ELÉTRICO 1 BOCA                   ;85167100       ;;;26310;ELGIN FOGÃO PORTATIL 1 BOCA PRETO 110V ;7;MÓVEIS E UTENSÍLIOS                                         ;14-8;INTELLI IND.TERM.ELETR.LTDA MULTIPLEX-PATRIMÔNIO;9;APELIDO;26404731/0052-36;ELETROZEMA LTDA                                             ;19131;73;1;35250526404731005236550020000191311061771729      ;1;160,97;160,97;139;0;0;0;19/05/2025;17/06/2025;17/06/2025;139;4,64;134,36;0;0;134,36
NOVO;135685;CHUVEIRO E LAVA OLHOS CL-001i           ;84243090       ;;;26311;CHUVEIRO COM LAVA OLHOS - (INDUSTRIAL) ;7;MÓVEIS E UTENSÍLIOS                                         ;13-6;INTELLI IND.TERM.ELETR.LTDA - COBREAÇÃO-FÁBRICA PRODUÇÃO;9;APELIDO;71677629/0001-19;AVLIS-HAWS DO BRASIL LTDA.                                  ;51524;65;1;35250671677629000119550000000515241000150028      ;1;3694;3694;3694;1806;18;325,08;04/06/2025;17/06/2025;17/06/2025;3694;123,12;3570,88;0;0;3570,88
NOVO;11505;CADEIRA                                 ;83024900       ;;;26312;CADEIRA EXECUTIVA PALITO 35CM COURVIM PRETO ;7;MÓVEIS E UTENSÍLIOS                                         ;12-1;INTELLI IND.TERM.ELETR.LTDA - FUNDIÇÃO-ADMINISTRATIVO;9;APELIDO;11018053/0001-56;ABSOLUTA MOVEIS PARA ESCRITÓRIO LTDA ME                     ;11521;72;1;35250511018053000156550010000115211951041107      ;6;195;1170;1170;0;0;0;29/05/2025;18/06/2025;18/06/2025;195;6,48;188,52;0;0;188,52
NOVO;11505;CADEIRA                                 ;83024900       ;;;26313;CADEIRA EXECUTIVA PALITO 35CM COURVIM PRETO ;7;MÓVEIS E UTENSÍLIOS                                         ;12-1;INTELLI IND.TERM.ELETR.LTDA - FUNDIÇÃO-ADMINISTRATIVO;9;APELIDO;11018053/0001-56;ABSOLUTA MOVEIS PARA ESCRITÓRIO LTDA ME                     ;11521;72;1;35250511018053000156550010000115211951041107      ;6;195;1170;1170;0;0;0;29/05/2025;18/06/2025;18/06/2025;195;6,48;188,52;0;0;188,52
NOVO;11505;CADEIRA                                 ;83024900       ;;;26314;CADEIRA EXECUTIVA PALITO 35CM COURVIM PRETO ;7;MÓVEIS E UTENSÍLIOS                                         ;12-1;INTELLI IND.TERM.ELETR.LTDA - FUNDIÇÃO-ADMINISTRATIVO;9;APELIDO;11018053/0001-56;ABSOLUTA MOVEIS PARA ESCRITÓRIO LTDA ME                     ;11521;72;1;35250511018053000156550010000115211951041107      ;6;195;1170;1170;0;0;0;29/05/2025;18/06/2025;18/06/2025;195;6,48;188,52;0;0;188,52
NOVO;11505;CADEIRA                                 ;83024900       ;;;26315;CADEIRA EXECUTIVA PALITO 35CM COURVIM PRETO ;7;MÓVEIS E UTENSÍLIOS                                         ;12-1;INTELLI IND.TERM.ELETR.LTDA - FUNDIÇÃO-ADMINISTRATIVO;9;APELIDO;11018053/0001-56;ABSOLUTA MOVEIS PARA ESCRITÓRIO LTDA ME                     ;11521;72;1;35250511018053000156550010000115211951041107      ;6;195;1170;1170;0;0;0;29/05/2025;18/06/2025;18/06/2025;195;6,48;188,52;0;0;188,52
NOVO;11505;CADEIRA                                 ;83024900       ;;;26316;CADEIRA EXECUTIVA PALITO 35CM COURVIM PRETO ;7;MÓVEIS E UTENSÍLIOS                                         ;12-1;INTELLI IND.TERM.ELETR.LTDA - FUNDIÇÃO-ADMINISTRATIVO;9;APELIDO;11018053/0001-56;ABSOLUTA MOVEIS PARA ESCRITÓRIO LTDA ME                     ;11521;72;1;35250511018053000156550010000115211951041107      ;6;195;1170;1170;0;0;0;29/05/2025;18/06/2025;18/06/2025;195;6,48;188,52;0;0;188,52
NOVO;11505;CADEIRA                                 ;83024900       ;;;26317;CADEIRA EXECUTIVA PALITO 35CM COURVIM PRETO ;7;MÓVEIS E UTENSÍLIOS                                         ;12-1;INTELLI IND.TERM.ELETR.LTDA - FUNDIÇÃO-ADMINISTRATIVO;9;APELIDO;11018053/0001-56;ABSOLUTA MOVEIS PARA ESCRITÓRIO LTDA ME                     ;11521;72;1;35250511018053000156550010000115211951041107      ;6;195;1170;1170;0;0;0;29/05/2025;18/06/2025;18/06/2025;195;6,48;188,52;0;0;188,52
NOVO;98008;ESCADA ALUM. TIPO PLATAFORMA 6 DEGRAUS  ;76169900       ;;;26328;ESCADA PLATAFORMA NR12 ALTURA 1,75 (6 DEGRAUS) ;7;MÓVEIS E UTENSÍLIOS                                         ;14-11;INTELLI IND.TERM.ELETR.LTDA MULTIPLEX-SGI - SIST GESTÃO INTEGRADO;9;APELIDO;26262993/0001-63;ESCALEVE ESCADA INDUSTRIA, COMERCIO E DISTRIBUIDORA LTDA    ;10770;72;1;35250626262993000163550010000107701000007777      ;1;2594,58;2594,58;2678,9;2678,9;18;482,2;02/06/2025;18/06/2025;18/06/2025;2678,9;89,28;2589,62;0;0;2589,62
NOVO;135211;MAQUINA TORCAO RIGIDA JLK 630 6+12+18   ;84794000       ;;;26329;MAQUINA TORCAO RIGIDA JLK 630 6+12+18 ;6;MÁQ EQUIP FABRICA - REAVAL                                  ;14-14;"INTELLI IND.TERM.ELETR.LTDA MULTIPLEX-UN. DE FABRICAÇÃO BIMETÁLICOS ""AS""(SILO)";9;APELIDO;0/0000-00;WUXI HENGTAI CABLE MACHINERY MANUFACTURE CO., LTDA          ;643749;0;1;35250446754545000194550000006437491202504379      ;0,2;2312114,17;462422,83;462422,83;341992,02;18;61558,56;30/04/2025;20/06/2025;20/06/2025;2640895,15;88029,84;2552865,31;0;0;2552865,31
NOVO;135454;TREFILA MULTIFIOS 16 LINHAS DB120-16-16 ;84631090       ;;;26330;TREFILA MULTIFIOS 16 LINHAS DB120-16-16 ;6;MÁQ EQUIP FABRICA - REAVAL                                  ;14-14;"INTELLI IND.TERM.ELETR.LTDA MULTIPLEX-UN. DE FABRICAÇÃO BIMETÁLICOS ""AS""(SILO)";9;APELIDO;0/0000-00;GUANGDONG CMIC IMPORT AND EXPORT CO., LTD:56:15             ;644343;0;1;35250546754545000194550000006443431202505580      ;0,5;1748519,23;874259,62;874259,62;645893,45;18;116260,82;06/05/2025;20/06/2025;20/06/2025;1966216,44;65540,56;1900675,88;0;0;1900675,88
NOVO;135369;FERRAMENTA APLICAÇÃO CONECTOR CUNHA AL  ;00000000       ;;;26331;FERRAMENTA APLICAÇÃO CONECTOR CUNHA AL ;2;FERRAMENTAS                                                 ;11-8;INTELLI IND.TERM.ELETR.LTDA - MATRIZ-CONTROLE DE QUALIDADE;9;APELIDO;29751441/0001-07;J.P. USINAGENS LTDA                                         ;173;72;1;35250529751441000107550010000001731707000307      ;1;2600;2600;2600;0;0;0;22/05/2025;20/06/2025;20/06/2025;2359,52;78,64;2280,88;0;0;2280,88
NOVO;130453;RACK DE PAREDE COM 20u x 570mm          ;94032090       ;;;26332;RACK DE PAREDE COM 20u x 570mm ;1;EQUIPAMENTOS DE INFORMÁTICA                                 ;11-17;INTELLI IND.TERM.ELETR.LTDA - MATRIZ-TECNOLOGIA DA INFORM. E COMUNIC. T.I.C.;9;APELIDO;7075762/0001-04;GUSTAVO MANTOVANI NASCIMENTO - ME                           ;18070;72;1;35250507075762000104550010000180701896995829      ;1;1080;1080;1080;0;0;0;28/05/2025;24/06/2025;24/06/2025;1080;72;1008;0;0;1008
NOVO;135535;MOTOR TRIF.016CV 6P 220/380V C/PES/FLAN ;85015110       ;;;26333;MOTOR TRIF.016CV 6P 220/380V C/PES/FLAN ;6;MÁQ EQUIP FABRICA - REAVAL                                  ;14-17;INTELLI IND.TERM.ELETR.LTDA MULTIPLEX-MANUTENÇÃO ELÉTRICA;9;APELIDO;4376504/0001-61;LUCIANO CHIARELO & CIA LTDA.                                ;142773;72;1;35250604376504000161550010001427731478232937      ;1;1305,42;1305,42;1305,42;1305,42;18;234,98;02/06/2025;24/06/2025;24/06/2025;949,69;31,64;918,05;0;0;918,05
NOVO;22015;BEBEDOURO DE AGUA CAP.100 L             ;84212100       ;;;26334;BEBEDOURO DE AGUA CAP.100 L LINHA RESISTENTI ;7;MÓVEIS E UTENSÍLIOS                                         ;14-18;INTELLI IND.TERM.ELETR.LTDA MULTIPLEX-MULTIPLEX 2;9;APELIDO;56941982/0001-70;HIDROFIL MATERIAIS DE CONSTRUÇAO LTDA - ME                  ;12675;72;1;35250656941982000170550010000126751000082827      ;1;4280;4280;4280;0;0;0;04/06/2025;24/06/2025;24/06/2025;4280;142,68;4137,32;0;0;4137,32
NOVO;20187;SELADORA FILETE PEDAL FP 35             ;84224090       ;;;26335;SELADORA FILETE PEDAL FP 35 ;6;MÁQ EQUIP FABRICA - REAVAL                                  ;11-28;INTELLI IND.TERM.ELETR.LTDA - MATRIZ-MONTAGEM;9;APELIDO;45235314/0001-01;INDUSTRIA DE MAQUINAS PARA PLASTICOS IMAP LTDA - EPP        ;31293;72;1;35250645235314000101550010000312931000567210      ;1;2490;2490;2490;0;0;0;05/06/2025;24/06/2025;24/06/2025;2259,83;75,32;2184,51;0;0;2184,51
NOVO;129258;BANCADA 1GAVETA 1000mmC/TAMPO COMPE.40mm;94032090       ;;;26336;BANCADA 1GAVETA 1000mmC/TAMPO COMPE.40mm ;7;MÓVEIS E UTENSÍLIOS                                         ;14-18;INTELLI IND.TERM.ELETR.LTDA MULTIPLEX-MULTIPLEX 2;9;APELIDO;66185133/0001-98;ORLASOLDA COMERCIO DE EQUIPAMENTOS E SOLDAS LTDA.           ;199623;72;1;35250566185133000198550010001996231282585347      ;2;935;1870;1870;1870;18;336,6;29/05/2025;25/06/2025;25/06/2025;935;31,16;903,84;0;0;903,84
NOVO;129258;BANCADA 1GAVETA 1000mmC/TAMPO COMPE.40mm;94032090       ;;;26337;BANCADA 1GAVETA 1000mmC/TAMPO COMPE.40mm ;7;MÓVEIS E UTENSÍLIOS                                         ;14-18;INTELLI IND.TERM.ELETR.LTDA MULTIPLEX-MULTIPLEX 2;9;APELIDO;66185133/0001-98;ORLASOLDA COMERCIO DE EQUIPAMENTOS E SOLDAS LTDA.           ;199623;72;1;35250566185133000198550010001996231282585347      ;2;935;1870;1870;1870;18;336,6;29/05/2025;25/06/2025;25/06/2025;935;31,16;903,84;0;0;903,84
NOVO;106582;REDUTOR MB41.2-RED.1:24,7-FC.V6-FL-C120 ;84834010       ;;;26338;REDUTOR MB41.2-RED.1:24,7-FC.V6-FL-C120 ;6;MÁQ EQUIP FABRICA - REAVAL                                  ;14-13;INTELLI IND.TERM.ELETR.LTDA MULTIPLEX-MANUTENÇÃO MECÂNICA;9;APELIDO;54614813/0001-09;MACOPEMA INDUSTRIA E COMERCIO LTDA.                         ;112263;72;1;35250654614813000109550010001122631047559730      ;2;2129;4258;4258;2081,74;18;374,71;03/06/2025;26/06/2025;26/06/2025;1744,71;58,16;1686,55;0;0;1686,55
NOVO;106582;REDUTOR MB41.2-RED.1:24,7-FC.V6-FL-C120 ;84834010       ;;;26339;REDUTOR MB41.2-RED.1:24,7-FC.V6-FL-C120 ;6;MÁQ EQUIP FABRICA - REAVAL                                  ;14-13;INTELLI IND.TERM.ELETR.LTDA MULTIPLEX-MANUTENÇÃO MECÂNICA;9;APELIDO;54614813/0001-09;MACOPEMA INDUSTRIA E COMERCIO LTDA.                         ;112263;72;1;35250654614813000109550010001122631047559730      ;2;2129;4258;4258;2081,74;18;374,71;03/06/2025;26/06/2025;26/06/2025;1744,71;58,16;1686,55;0;0;1686,55
NOVO;106582;REDUTOR MB41.2-RED.1:24,7-FC.V6-FL-C120 ;84834010       ;;;26340;MOTOR1,5CV-4P-TRIF.220/380V-B14-60HZIP55 ;6;MÁQ EQUIP FABRICA - REAVAL                                  ;14-13;INTELLI IND.TERM.ELETR.LTDA MULTIPLEX-MANUTENÇÃO MECÂNICA;9;APELIDO;54614813/0001-09;MACOPEMA INDUSTRIA E COMERCIO LTDA.                         ;112263;72;1;35250654614813000109550010001122631047559730      ;2;2129;4258;4258;2081,74;18;374,71;03/06/2025;26/06/2025;26/06/2025;1365,53;45,52;1320,01;0;0;1320,01
NOVO;106582;REDUTOR MB41.2-RED.1:24,7-FC.V6-FL-C120 ;84834010       ;;;26341;MOTOR1,5CV-4P-TRIF.220/380V-B14-60HZIP55 ;6;MÁQ EQUIP FABRICA - REAVAL                                  ;14-13;INTELLI IND.TERM.ELETR.LTDA MULTIPLEX-MANUTENÇÃO MECÂNICA;9;APELIDO;54614813/0001-09;MACOPEMA INDUSTRIA E COMERCIO LTDA.                         ;112263;72;1;35250654614813000109550010001122631047559730      ;2;2129;4258;4258;2081,74;18;374,71;03/06/2025;26/06/2025;26/06/2025;1365,53;45,52;1320,01;0;0;1320,01
NOVO;83742;MESA REUNIÃO                            ;94033000       ;;;26342;MESA REUNIÃO ;7;MÓVEIS E UTENSÍLIOS                                         ;11-11;INTELLI IND.TERM.ELETR.LTDA - MATRIZ-COMERCIAL;9;APELIDO;12259056/0001-44;DANILO BELATO - ME                                          ;4736;72;1;35250612259056000144550010000047361051271256      ;1;740;740;740;0;0;0;03/06/2025;26/06/2025;26/06/2025;740;24,68;715,32;0;0;715,32
NOVO;83742;MESA REUNIÃO                            ;94033000       ;;;26343;CADEIRA FIXA ;7;MÓVEIS E UTENSÍLIOS                                         ;11-11;INTELLI IND.TERM.ELETR.LTDA - MATRIZ-COMERCIAL;9;APELIDO;12259056/0001-44;DANILO BELATO - ME                                          ;4736;72;1;35250612259056000144550010000047361051271256      ;1;740;740;740;0;0;0;03/06/2025;26/06/2025;26/06/2025;260;8,68;251,32;0;0;251,32
NOVO;83742;MESA REUNIÃO                            ;94033000       ;;;26344;CADEIRA FIXA ;7;MÓVEIS E UTENSÍLIOS                                         ;11-11;INTELLI IND.TERM.ELETR.LTDA - MATRIZ-COMERCIAL;9;APELIDO;12259056/0001-44;DANILO BELATO - ME                                          ;4736;72;1;35250612259056000144550010000047361051271256      ;1;740;740;740;0;0;0;03/06/2025;26/06/2025;26/06/2025;260;8,68;251,32;0;0;251,32
NOVO;83742;MESA REUNIÃO                            ;94033000       ;;;26345;CADEIRA FIXA ;7;MÓVEIS E UTENSÍLIOS                                         ;11-11;INTELLI IND.TERM.ELETR.LTDA - MATRIZ-COMERCIAL;9;APELIDO;12259056/0001-44;DANILO BELATO - ME                                          ;4736;72;1;35250612259056000144550010000047361051271256      ;1;740;740;740;0;0;0;03/06/2025;26/06/2025;26/06/2025;260;8,68;251,32;0;0;251,32
NOVO;83742;MESA REUNIÃO                            ;94033000       ;;;26346;CADEIRA FIXA ;7;MÓVEIS E UTENSÍLIOS                                         ;11-11;INTELLI IND.TERM.ELETR.LTDA - MATRIZ-COMERCIAL;9;APELIDO;12259056/0001-44;DANILO BELATO - ME                                          ;4736;72;1;35250612259056000144550010000047361051271256      ;1;740;740;740;0;0;0;03/06/2025;26/06/2025;26/06/2025;260;8,68;251,32;0;0;251,32
NOVO;11505;CADEIRA                                 ;83024900       ;;;26347;CADEIRA ;7;MÓVEIS E UTENSÍLIOS                                         ;11-22;INTELLI IND.TERM.ELETR.LTDA - MATRIZ-USINAGEM;9;APELIDO;11018053/0001-56;ABSOLUTA MOVEIS PARA ESCRITÓRIO LTDA ME                     ;11536;72;1;35250611018053000156550010000115361949688731      ;6;540;3240;3240;0;0;0;04/06/2025;26/06/2025;26/06/2025;540;18;522;0;0;522
NOVO;11505;CADEIRA                                 ;83024900       ;;;26348;CADEIRA ;7;MÓVEIS E UTENSÍLIOS                                         ;11-22;INTELLI IND.TERM.ELETR.LTDA - MATRIZ-USINAGEM;9;APELIDO;11018053/0001-56;ABSOLUTA MOVEIS PARA ESCRITÓRIO LTDA ME                     ;11536;72;1;35250611018053000156550010000115361949688731      ;6;540;3240;3240;0;0;0;04/06/2025;26/06/2025;26/06/2025;540;18;522;0;0;522
NOVO;11505;CADEIRA                                 ;83024900       ;;;26349;CADEIRA ;7;MÓVEIS E UTENSÍLIOS                                         ;11-22;INTELLI IND.TERM.ELETR.LTDA - MATRIZ-USINAGEM;9;APELIDO;11018053/0001-56;ABSOLUTA MOVEIS PARA ESCRITÓRIO LTDA ME                     ;11536;72;1;35250611018053000156550010000115361949688731      ;6;540;3240;3240;0;0;0;04/06/2025;26/06/2025;26/06/2025;540;18;522;0;0;522
NOVO;11505;CADEIRA                                 ;83024900       ;;;26350;CADEIRA ;7;MÓVEIS E UTENSÍLIOS                                         ;11-22;INTELLI IND.TERM.ELETR.LTDA - MATRIZ-USINAGEM;9;APELIDO;11018053/0001-56;ABSOLUTA MOVEIS PARA ESCRITÓRIO LTDA ME                     ;11536;72;1;35250611018053000156550010000115361949688731      ;6;540;3240;3240;0;0;0;04/06/2025;26/06/2025;26/06/2025;540;18;522;0;0;522
NOVO;11505;CADEIRA                                 ;83024900       ;;;26351;CADEIRA ;7;MÓVEIS E UTENSÍLIOS                                         ;11-22;INTELLI IND.TERM.ELETR.LTDA - MATRIZ-USINAGEM;9;APELIDO;11018053/0001-56;ABSOLUTA MOVEIS PARA ESCRITÓRIO LTDA ME                     ;11536;72;1;35250611018053000156550010000115361949688731      ;6;540;3240;3240;0;0;0;04/06/2025;26/06/2025;26/06/2025;540;18;522;0;0;522
NOVO;11505;CADEIRA                                 ;83024900       ;;;26352;CADEIRA ;7;MÓVEIS E UTENSÍLIOS                                         ;11-22;INTELLI IND.TERM.ELETR.LTDA - MATRIZ-USINAGEM;9;APELIDO;11018053/0001-56;ABSOLUTA MOVEIS PARA ESCRITÓRIO LTDA ME                     ;11536;72;1;35250611018053000156550010000115361949688731      ;6;540;3240;3240;0;0;0;04/06/2025;26/06/2025;26/06/2025;540;18;522;0;0;522
NOVO;11505;CADEIRA                                 ;83024900       ;;;26353;ARMARIO AÇO TIPO VESTIARIO C/ 16 PORTAS ;7;MÓVEIS E UTENSÍLIOS                                         ;14-19;INTELLI IND.TERM.ELETR.LTDA MULTIPLEX-REFEITÓRIO;9;APELIDO;11018053/0001-56;ABSOLUTA MOVEIS PARA ESCRITÓRIO LTDA ME                     ;11536;72;1;35250611018053000156550010000115361949688731      ;6;540;3240;3240;0;0;0;04/06/2025;26/06/2025;26/06/2025;1260;42;1218;0;0;1218
NOVO;96571;CLP 300HP-H3 COM IHM 13798125  WEG      ;85371020       ;;;26354;CLP 300HP-H3 COM IHM 13798125  WEG ;6;MÁQ EQUIP FABRICA - REAVAL                                  ;14-17;INTELLI IND.TERM.ELETR.LTDA MULTIPLEX-MANUTENÇÃO ELÉTRICA;9;APELIDO;4376504/0001-61;LUCIANO CHIARELO & CIA LTDA.                                ;143006;72;1;35250604376504000161550010001430061423758477      ;2;7217,47;14434,94;14434,94;14434,94;18;2598,29;04/06/2025;26/06/2025;26/06/2025;5250,7;175,04;5075,66;0;0;5075,66
NOVO;96571;CLP 300HP-H3 COM IHM 13798125  WEG      ;85371020       ;;;26355;CLP 300HP-H3 COM IHM 13798125  WEG ;6;MÁQ EQUIP FABRICA - REAVAL                                  ;14-17;INTELLI IND.TERM.ELETR.LTDA MULTIPLEX-MANUTENÇÃO ELÉTRICA;9;APELIDO;4376504/0001-61;LUCIANO CHIARELO & CIA LTDA.                                ;143006;72;1;35250604376504000161550010001430061423758477      ;2;7217,47;14434,94;14434,94;14434,94;18;2598,29;04/06/2025;26/06/2025;26/06/2025;5250,7;175,04;5075,66;0;0;5075,66
NOVO;25894;MORSA NUMERO 3 SOMMAR/METALSUL          ;82057000       ;;;26356;MORSA NUMERO 3 SOMMAR/METALSUL ;2;FERRAMENTAS                                                 ;14-29;INTELLI IND.TERM.ELETR.LTDA MULTIPLEX-GUAINA NOVA UNIDADE;9;APELIDO;66185133/0001-98;ORLASOLDA COMERCIO DE EQUIPAMENTOS E SOLDAS LTDA.           ;199754;72;1;35250666185133000198550010001997541412365487      ;1;167,8;167,8;167,8;0;0;0;04/06/2025;26/06/2025;26/06/2025;152,28;5,08;147,2;0;0;147,2
USADO;119786;MAQUINA DE SOLDA MRW 12                 ;84688010       ;;;26357;MAQUINA DE SOLDA MRW 12 ;6;MÁQ EQUIP FABRICA - REAVAL                                  ;14-15;INTELLI IND.TERM.ELETR.LTDA MULTIPLEX-MULTIPLEX 1;9;APELIDO;49808421/0001-32;COPPERSTEEL BIMETALICOS LTDA                                ;173783;0;1;35250649808421000132550000001737831202506143      ;1;13000;13000;13000;0;0;0;25/06/2025;26/06/2025;26/06/2025;13000;433,32;12566,68;0;0;12566,68
NOVO;135766;MOTORREDUTOR-MP03-2 Red.28 FC.B3 C140   ;85015210       ;;;26358;MOTORREDUTOR-MP03-2 Red.28 FC.B3 C140 ;6;MÁQ EQUIP FABRICA - REAVAL                                  ;11-24;INTELLI IND.TERM.ELETR.LTDA - MATRIZ-FERRAMENTARIA;9;APELIDO;54614813/0001-09;MACOPEMA INDUSTRIA E COMERCIO LTDA.                         ;112264;72;1;35250654614813000109550010001122641572908471      ;1;10130;10130;10130;10130;12;1215,6;03/06/2025;27/06/2025;27/06/2025;7977,37;265,92;7711,45;0;0;7711,45
NOVO;109276;EVAPORADORA DE 18000BTUS                ;84151011       ;;;26359;AR CONDICIONADO ELGIN ECO INVERTER 18 BTUS ;7;MÓVEIS E UTENSÍLIOS                                         ;15-1;INTELLI IND. TERM. ELETR. - ALCOBI-GERÊNCIA;9;APELIDO;18928807/0001-54;UNIAR COMERCIO DE ELETRO-ELETRÔNICOS E SERVIÇOS LTDA        ;989936;72;2;31250618928807000154550010009899361372223467      ;1;1304,24;1304,24;1304,24;1304,24;12;156,51;05/06/2025;01/07/2025;01/07/2025;3260,6;81,51;3179,09;0;0;3179,09
NOVO;126150;EVAP HI-WALL                            ;84151011       ;;;26360;AR CONDICIONADO ELGIN ECO 30.000 BTUS ;7;MÓVEIS E UTENSÍLIOS                                         ;12-11;INTELLI IND.TERM.ELETR.LTDA - FUNDIÇÃO-GUAINA;9;APELIDO;18928807/0001-54;UNIAR COMERCIO DE ELETRO-ELETRÔNICOS E SERVIÇOS LTDA        ;989938;72;2;31250618928807000154550010009899381411226330      ;1;2220;2220;2220;2220;12;266,4;05/06/2025;01/07/2025;01/07/2025;5550;138,75;5411,25;0;0;5411,25
NOVO;126150;EVAP HI-WALL                            ;84151011       ;;;26361;AR CONDICIONADO ELGIN ECO 30.000 BTUS ;7;MÓVEIS E UTENSÍLIOS                                         ;15-9;INTELLI IND. TERM. ELETR. - ALCOBI-MANUTENÇÃO ELÉTRICA;9;APELIDO;18928807/0001-54;UNIAR COMERCIO DE ELETRO-ELETRÔNICOS E SERVIÇOS LTDA        ;990060;72;2;31250618928807000154550010009900601665614302      ;1;2220;2220;2220;2220;12;266,4;05/06/2025;01/07/2025;01/07/2025;5550;138,75;5411,25;0;0;5411,25
NOVO;112594;"TV SMART 42"" SANSUMG                    ";85287200       ;;;26362;"TV SMART 42"" SANSUMG ";1;EQUIPAMENTOS DE INFORMÁTICA                                 ;14-11;INTELLI IND.TERM.ELETR.LTDA MULTIPLEX-SGI - SIST GESTÃO INTEGRADO;9;APELIDO;26404731/0052-36;ELETROZEMA LTDA                                             ;19197;73;1;35250626404731005236550020000191971702604380      ;1;2271,59;2271,59;1999;0;0;0;06/06/2025;01/07/2025;01/07/2025;1999;99,96;1899,04;0;0;1899,04
NOVO;104552;ALICATE AMPER.400A-600V AC/DC FLUKE 325 ;90303329       ;;;26363;ALICATE AMPER.400A-600V AC/DC FLUKE 325 ;2;FERRAMENTAS                                                 ;15-9;INTELLI IND. TERM. ELETR. - ALCOBI-MANUTENÇÃO ELÉTRICA;9;APELIDO;565813/0001-29;ANHANGUERA COMERCIO DE FERRAMENTAS LTDA.                    ;1408893;74;1;35250600565813000129550030014088931096505956      ;1;1297,92;1297,92;1297,92;0;0;0;11/06/2025;03/07/2025;03/07/2025;1177,86;29,46;1148,4;0;0;1148,4
NOVO;117392;CADEIRA BALCÃO EXECUTIVA BASE GIRATORIA ;99999999       ;;;26364;CADEIRA BALCÃO EXECUTIVA BASE GIRATORIA ;7;MÓVEIS E UTENSÍLIOS                                         ;14-6;INTELLI IND.TERM.ELETR.LTDA MULTIPLEX-PORTARIA / GUARITA;9;APELIDO;12259056/0001-44;DANILO BELATO - ME                                          ;4755;72;1;35250612259056000144550010000047551184085378      ;2;610;1220;1220;0;0;0;11/06/2025;03/07/2025;03/07/2025;610;15,24;594,76;0;0;594,76
NOVO;117392;CADEIRA BALCÃO EXECUTIVA BASE GIRATORIA ;99999999       ;;;26365;CADEIRA BALCÃO EXECUTIVA BASE GIRATORIA ;7;MÓVEIS E UTENSÍLIOS                                         ;14-6;INTELLI IND.TERM.ELETR.LTDA MULTIPLEX-PORTARIA / GUARITA;9;APELIDO;12259056/0001-44;DANILO BELATO - ME                                          ;4755;72;1;35250612259056000144550010000047551184085378      ;2;610;1220;1220;0;0;0;11/06/2025;03/07/2025;03/07/2025;610;15,24;594,76;0;0;594,76
NOVO;128845;APARADOR ALTERNATIVO PRETO              ;94033000       ;;;26366;APARADOR ALTERNATIVO PRETO ;7;MÓVEIS E UTENSÍLIOS                                         ;14-1;INTELLI IND.TERM.ELETR.LTDA MULTIPLEX-CONTROLADORIA;9;APELIDO;12259056/0001-44;DANILO BELATO - ME                                          ;4756;72;1;35250612259056000144550010000047561700889037      ;1;420;420;420;0;0;0;11/06/2025;03/07/2025;03/07/2025;420;10,5;409,5;0;0;409,5
NOVO;136161;CONJUNTO FLANGE DE ROLOS FRACIONADOR 005;73079100       ;;;26367;CONJUNTO FLANGE DE ROLOS FRACIONADOR 005 ;6;MÁQ EQUIP FABRICA - REAVAL                                  ;14-13;INTELLI IND.TERM.ELETR.LTDA MULTIPLEX-MANUTENÇÃO MECÂNICA;9;APELIDO;8599414/0001-90;NREC - USINAGEM, CALDEIRARIA E MONTAGEM INDUSTRIAL LTDA     ;85;72;1;35250608599414000190550010000000851358911644      ;1;10840;10840;10840;0;0;0;16/06/2025;03/07/2025;03/07/2025;9837,3;245,94;9591,36;0;0;9591,36
NOVO;83741;MESA                                    ;94033000       ;;;26368;MESA / BANCADA ;7;MÓVEIS E UTENSÍLIOS                                         ;14-30;INTELLI IND.TERM.ELETR.LTDA MULTIPLEX-ALMOXARIFADO - PATRIMÔNIO;9;APELIDO;12347781/0001-74;EDSON ALVES MACHADO                                         ;11;72;1;35250612347781000174550010000000111083071044      ;4;1925;7700;7700;0;0;0;18/06/2025;03/07/2025;03/07/2025;1925;48,12;1876,88;0;0;1876,88
NOVO;83741;MESA                                    ;94033000       ;;;26369;MESA / BANCADA ;7;MÓVEIS E UTENSÍLIOS                                         ;14-30;INTELLI IND.TERM.ELETR.LTDA MULTIPLEX-ALMOXARIFADO - PATRIMÔNIO;9;APELIDO;12347781/0001-74;EDSON ALVES MACHADO                                         ;11;72;1;35250612347781000174550010000000111083071044      ;4;1925;7700;7700;0;0;0;18/06/2025;03/07/2025;03/07/2025;1925;48,12;1876,88;0;0;1876,88
NOVO;83741;MESA                                    ;94033000       ;;;26370;MESA / BANCADA ;7;MÓVEIS E UTENSÍLIOS                                         ;14-30;INTELLI IND.TERM.ELETR.LTDA MULTIPLEX-ALMOXARIFADO - PATRIMÔNIO;9;APELIDO;12347781/0001-74;EDSON ALVES MACHADO                                         ;11;72;1;35250612347781000174550010000000111083071044      ;4;1925;7700;7700;0;0;0;18/06/2025;03/07/2025;03/07/2025;1925;48,12;1876,88;0;0;1876,88
NOVO;83741;MESA                                    ;94033000       ;;;26371;MESA / BANCADA ;7;MÓVEIS E UTENSÍLIOS                                         ;14-30;INTELLI IND.TERM.ELETR.LTDA MULTIPLEX-ALMOXARIFADO - PATRIMÔNIO;9;APELIDO;12347781/0001-74;EDSON ALVES MACHADO                                         ;11;72;1;35250612347781000174550010000000111083071044      ;4;1925;7700;7700;0;0;0;18/06/2025;03/07/2025;03/07/2025;1925;48,12;1876,88;0;0;1876,88
NOVO;128103;VENT.SIROCO VSC020C78P1Z01 1/3CV 2P     ;84145990       ;;;26372;VENT.SIROCO VSC020C78P1Z01 1/3CV 2P ;6;MÁQ EQUIP FABRICA - REAVAL                                  ;14-17;INTELLI IND.TERM.ELETR.LTDA MULTIPLEX-MANUTENÇÃO ELÉTRICA;9;APELIDO;47665559/0001-02;IBRAM INDUSTRIA BRASILEIRA MAQUINAS LTDA                    ;61695;72;1;35250747665559000102550010000616951308380607      ;10;1690;16900;16900;16900;18;3042;02/07/2025;07/07/2025;07/07/2025;1229,47;30,75;1198,72;0;0;1198,72
NOVO;128103;VENT.SIROCO VSC020C78P1Z01 1/3CV 2P     ;84145990       ;;;26373;VENT.SIROCO VSC020C78P1Z01 1/3CV 2P ;6;MÁQ EQUIP FABRICA - REAVAL                                  ;14-17;INTELLI IND.TERM.ELETR.LTDA MULTIPLEX-MANUTENÇÃO ELÉTRICA;9;APELIDO;47665559/0001-02;IBRAM INDUSTRIA BRASILEIRA MAQUINAS LTDA                    ;61695;72;1;35250747665559000102550010000616951308380607      ;10;1690;16900;16900;16900;18;3042;02/07/2025;07/07/2025;07/07/2025;1229,47;30,75;1198,72;0;0;1198,72
NOVO;128103;VENT.SIROCO VSC020C78P1Z01 1/3CV 2P     ;84145990       ;;;26374;VENT.SIROCO VSC020C78P1Z01 1/3CV 2P ;6;MÁQ EQUIP FABRICA - REAVAL                                  ;14-17;INTELLI IND.TERM.ELETR.LTDA MULTIPLEX-MANUTENÇÃO ELÉTRICA;9;APELIDO;47665559/0001-02;IBRAM INDUSTRIA BRASILEIRA MAQUINAS LTDA                    ;61695;72;1;35250747665559000102550010000616951308380607      ;10;1690;16900;16900;16900;18;3042;02/07/2025;07/07/2025;07/07/2025;1229,47;30,75;1198,72;0;0;1198,72
NOVO;128103;VENT.SIROCO VSC020C78P1Z01 1/3CV 2P     ;84145990       ;;;26375;VENT.SIROCO VSC020C78P1Z01 1/3CV 2P ;6;MÁQ EQUIP FABRICA - REAVAL                                  ;14-17;INTELLI IND.TERM.ELETR.LTDA MULTIPLEX-MANUTENÇÃO ELÉTRICA;9;APELIDO;47665559/0001-02;IBRAM INDUSTRIA BRASILEIRA MAQUINAS LTDA                    ;61695;72;1;35250747665559000102550010000616951308380607      ;10;1690;16900;16900;16900;18;3042;02/07/2025;07/07/2025;07/07/2025;1229,47;30,75;1198,72;0;0;1198,72
NOVO;128103;VENT.SIROCO VSC020C78P1Z01 1/3CV 2P     ;84145990       ;;;26376;VENT.SIROCO VSC020C78P1Z01 1/3CV 2P ;6;MÁQ EQUIP FABRICA - REAVAL                                  ;14-17;INTELLI IND.TERM.ELETR.LTDA MULTIPLEX-MANUTENÇÃO ELÉTRICA;9;APELIDO;47665559/0001-02;IBRAM INDUSTRIA BRASILEIRA MAQUINAS LTDA                    ;61695;72;1;35250747665559000102550010000616951308380607      ;10;1690;16900;16900;16900;18;3042;02/07/2025;07/07/2025;07/07/2025;1229,47;30,75;1198,72;0;0;1198,72
NOVO;128103;VENT.SIROCO VSC020C78P1Z01 1/3CV 2P     ;84145990       ;;;26377;VENT.SIROCO VSC020C78P1Z01 1/3CV 2P ;6;MÁQ EQUIP FABRICA - REAVAL                                  ;14-17;INTELLI IND.TERM.ELETR.LTDA MULTIPLEX-MANUTENÇÃO ELÉTRICA;9;APELIDO;47665559/0001-02;IBRAM INDUSTRIA BRASILEIRA MAQUINAS LTDA                    ;61695;72;1;35250747665559000102550010000616951308380607      ;10;1690;16900;16900;16900;18;3042;02/07/2025;07/07/2025;07/07/2025;1229,47;30,75;1198,72;0;0;1198,72
NOVO;128103;VENT.SIROCO VSC020C78P1Z01 1/3CV 2P     ;84145990       ;;;26378;VENT.SIROCO VSC020C78P1Z01 1/3CV 2P ;6;MÁQ EQUIP FABRICA - REAVAL                                  ;14-17;INTELLI IND.TERM.ELETR.LTDA MULTIPLEX-MANUTENÇÃO ELÉTRICA;9;APELIDO;47665559/0001-02;IBRAM INDUSTRIA BRASILEIRA MAQUINAS LTDA                    ;61695;72;1;35250747665559000102550010000616951308380607      ;10;1690;16900;16900;16900;18;3042;02/07/2025;07/07/2025;07/07/2025;1229,47;30,75;1198,72;0;0;1198,72
NOVO;128103;VENT.SIROCO VSC020C78P1Z01 1/3CV 2P     ;84145990       ;;;26379;VENT.SIROCO VSC020C78P1Z01 1/3CV 2P ;6;MÁQ EQUIP FABRICA - REAVAL                                  ;14-17;INTELLI IND.TERM.ELETR.LTDA MULTIPLEX-MANUTENÇÃO ELÉTRICA;9;APELIDO;47665559/0001-02;IBRAM INDUSTRIA BRASILEIRA MAQUINAS LTDA                    ;61695;72;1;35250747665559000102550010000616951308380607      ;10;1690;16900;16900;16900;18;3042;02/07/2025;07/07/2025;07/07/2025;1229,47;30,75;1198,72;0;0;1198,72
NOVO;128103;VENT.SIROCO VSC020C78P1Z01 1/3CV 2P     ;84145990       ;;;26380;VENT.SIROCO VSC020C78P1Z01 1/3CV 2P ;6;MÁQ EQUIP FABRICA - REAVAL                                  ;14-17;INTELLI IND.TERM.ELETR.LTDA MULTIPLEX-MANUTENÇÃO ELÉTRICA;9;APELIDO;47665559/0001-02;IBRAM INDUSTRIA BRASILEIRA MAQUINAS LTDA                    ;61695;72;1;35250747665559000102550010000616951308380607      ;10;1690;16900;16900;16900;18;3042;02/07/2025;07/07/2025;07/07/2025;1229,47;30,75;1198,72;0;0;1198,72
NOVO;128103;VENT.SIROCO VSC020C78P1Z01 1/3CV 2P     ;84145990       ;;;26381;VENT.SIROCO VSC020C78P1Z01 1/3CV 2P ;6;MÁQ EQUIP FABRICA - REAVAL                                  ;14-17;INTELLI IND.TERM.ELETR.LTDA MULTIPLEX-MANUTENÇÃO ELÉTRICA;9;APELIDO;47665559/0001-02;IBRAM INDUSTRIA BRASILEIRA MAQUINAS LTDA                    ;61695;72;1;35250747665559000102550010000616951308380607      ;10;1690;16900;16900;16900;18;3042;02/07/2025;07/07/2025;07/07/2025;1229,47;30,75;1198,72;0;0;1198,72
NOVO;124659;CONJUNTO DE PROTEÇÃO                    ;73066100       ;;;26382;PROTEÇOES DA TCD-016 BOWL-TWISTER ;6;MÁQ EQUIP FABRICA - REAVAL                                  ;14-29;INTELLI IND.TERM.ELETR.LTDA MULTIPLEX-GUAINA NOVA UNIDADE;9;APELIDO;45102648/0001-07;TATIANA GRANER SILVERIO DE SOUZA LTDA                       ;1626;72;1;35250645102648000107550010000016261011105200      ;1;45000;45000;45000;0;0;0;09/06/2025;08/07/2025;08/07/2025;40837,5;1020,93;39816,57;0;0;39816,57
NOVO;62576;ARMARIO ADE AÇO PA 90                   ;94031000       ;;;26383;ARMARIO EM AÇO PA 90 ;7;MÓVEIS E UTENSÍLIOS                                         ;11-24;INTELLI IND.TERM.ELETR.LTDA - MATRIZ-FERRAMENTARIA;9;APELIDO;12259056/0001-44;DANILO BELATO - ME                                          ;4757;72;1;35250612259056000144550010000047571968621324      ;1;1060;1060;1060;0;0;0;11/06/2025;08/07/2025;08/07/2025;1060;26,49;1033,51;0;0;1033,51
NOVO;83741;MESA                                    ;94033000       ;;;26384;MESA ;7;MÓVEIS E UTENSÍLIOS                                         ;14-19;INTELLI IND.TERM.ELETR.LTDA MULTIPLEX-REFEITÓRIO;9;APELIDO;12259056/0001-44;DANILO BELATO - ME                                          ;4764;72;1;35250612259056000144550010000047641959189150      ;1;520;520;520;0;0;0;16/06/2025;08/07/2025;08/07/2025;520;12,99;507,01;0;0;507,01
NOVO;83741;MESA                                    ;94033000       ;;;26385;GAVETEIRO 3 GAVETAS CZ GR ;7;MÓVEIS E UTENSÍLIOS                                         ;14-19;INTELLI IND.TERM.ELETR.LTDA MULTIPLEX-REFEITÓRIO;9;APELIDO;12259056/0001-44;DANILO BELATO - ME                                          ;4764;72;1;35250612259056000144550010000047641959189150      ;1;520;520;520;0;0;0;16/06/2025;08/07/2025;08/07/2025;280;6,99;273,01;0;0;273,01
NOVO;120319;COMPRESSOR RADIAL CR0720                ;85030090       ;;;26386;COMPRESSOR RADIAL CR0720 ;6;MÁQ EQUIP FABRICA - REAVAL                                  ;14-18;INTELLI IND.TERM.ELETR.LTDA MULTIPLEX-MULTIPLEX 2;9;APELIDO;56229487/0001-33;ESPRIMA COMERCIO E MANUTENCAO DE EQUIPAMENTOS LTDA          ;5534;72;1;35250656229487000133550010000055341300601005      ;2;8250;16500;16500;16500;3,81;628,65;27/06/2025;08/07/2025;08/07/2025;7172,55;179,31;6993,24;0;0;6993,24
NOVO;120319;COMPRESSOR RADIAL CR0720                ;85030090       ;;;26387;COMPRESSOR RADIAL CR0720 ;6;MÁQ EQUIP FABRICA - REAVAL                                  ;14-18;INTELLI IND.TERM.ELETR.LTDA MULTIPLEX-MULTIPLEX 2;9;APELIDO;56229487/0001-33;ESPRIMA COMERCIO E MANUTENCAO DE EQUIPAMENTOS LTDA          ;5534;72;1;35250656229487000133550010000055341300601005      ;2;8250;16500;16500;16500;3,81;628,65;27/06/2025;08/07/2025;08/07/2025;7172,55;179,31;6993,24;0;0;6993,24
NOVO;28411;PAINEL ELETRICO                         ;85381000       ;;;26388;PAINEL ELETRICO ;6;MÁQ EQUIP FABRICA - REAVAL                                  ;14-17;INTELLI IND.TERM.ELETR.LTDA MULTIPLEX-MANUTENÇÃO ELÉTRICA;9;APELIDO;4376504/0003-23;LUCIANO CHIARELO & CIA LTDA.                                ;861;72;1;35250604376504000323550010000008611157289229      ;1;74146;74146;74146;74146;12;8897,52;13/06/2025;09/07/2025;09/07/2025;58389,97;1459,74;56930,23;0;0;56930,23
NOVO;136563;DIVISÓRIA MDF                           ;94033000       ;;;26389;DIVISORIA MDF ;7;MÓVEIS E UTENSÍLIOS                                         ;14-8;INTELLI IND.TERM.ELETR.LTDA MULTIPLEX-PATRIMÔNIO;9;APELIDO;9487220/0001-66;FAVARIN & GERVASIO LTDA                                     ;592;72;1;35250709487220000166550010000005921169157227      ;1;3600;3600;3600;0;0;0;03/07/2025;09/07/2025;09/07/2025;3600;90;3510;0;0;3510
NOVO;120496;MAQUINA ARQUEADORA MODELO  SP-4         ;84223029       ;;;26390;MAQUINA ARQUEADORA MODELO  SP-4 ;6;MÁQ EQUIP FABRICA - REAVAL                                  ;14-12;INTELLI IND.TERM.ELETR.LTDA MULTIPLEX-EXPEDIÇÃO;9;APELIDO;10839913/0001-50;L.A.ROSELLI E CIA LTDA.                                     ;6895;72;1;35250710839913000150550010000068951848784592      ;1;7480;7480;7480;7480;2,58;192,98;07/07/2025;09/07/2025;09/07/2025;6595,38;164,88;6430,5;0;0;6430,5
NOVO;103775;IMPRESSORA ZEBRA ZT231 203 DPI 104MM    ;84433299       ;;;26391;IMPRESSORA DE ETIQUETAS ZEBRA SERIAL ETHZT23142TOA000FZ ;1;EQUIPAMENTOS DE INFORMÁTICA                                 ;14-12;INTELLI IND.TERM.ELETR.LTDA MULTIPLEX-EXPEDIÇÃO;9;APELIDO;68993641/0008-02;AGIS EQUIPAMENTOS E SERVICOS DE INFORMATICA LTDA            ;536865;72;1;32250768993641000802550010005368651451036197      ;1;4913,04;4913,04;5649,99;5649,99;4;226;01/07/2025;09/07/2025;09/07/2025;5649,99;282,51;5367,48;0;0;5367,48
NOVO;119871;Escada Tesoura Ext 2.80x5.00MT WBERTOLO ;76169900       ;;;26392;ESCADA TESOURA EXT 280 X500 METROS WBERTOLO ;7;MÓVEIS E UTENSÍLIOS                                         ;14-17;INTELLI IND.TERM.ELETR.LTDA MULTIPLEX-MANUTENÇÃO ELÉTRICA;9;APELIDO;66185133/0001-98;ORLASOLDA COMERCIO DE EQUIPAMENTOS E SOLDAS LTDA.           ;199955;72;1;35250666185133000198550010001999551025931681      ;1;1068,8;1068,8;1068,8;1068,8;18;192,38;13/06/2025;10/07/2025;10/07/2025;1068;26,7;1041,3;0;0;1041,3
NOVO;14538;ARMARIO                                 ;94033000       ;;;26393;ARMARIO ;7;MÓVEIS E UTENSÍLIOS                                         ;11-24;INTELLI IND.TERM.ELETR.LTDA - MATRIZ-FERRAMENTARIA;9;APELIDO;12259056/0001-44;DANILO BELATO - ME                                          ;4765;72;1;35250612259056000144550010000047651653623888      ;1;1410;1410;1410;0;0;0;16/06/2025;11/07/2025;11/07/2025;1410;35,25;1374,75;0;0;1374,75
NOVO;109640;PALETEIRA MANUAL 525X1150 2.500         ;84279000       ;;;26394;TRANSPALETE 2500KG TM2500 ;6;MÁQ EQUIP FABRICA - REAVAL                                  ;11-24;INTELLI IND.TERM.ELETR.LTDA - MATRIZ-FERRAMENTARIA;9;APELIDO;565813/0001-29;ANHANGUERA COMERCIO DE FERRAMENTAS LTDA.                    ;1420887;74;1;35250700565813000129550030014208871220003454      ;1;1605,58;1605,58;1605,58;1177,37;12;141,28;03/07/2025;11/07/2025;11/07/2025;1315,79;32,88;1282,91;0;0;1282,91
NOVO;116242;"FURADEIRA PARAFUSADEIRA BATERIA 1/2""    ";84672992       ;;;26395;FURADEIRA PARAFUSADEIRA BATERIA 1/2 COM MALETAS BRUSHELES DEWALT;2;FERRAMENTAS                                                 ;14-13;INTELLI IND.TERM.ELETR.LTDA MULTIPLEX-MANUTENÇÃO MECÂNICA;9;APELIDO;565813/0001-29;ANHANGUERA COMERCIO DE FERRAMENTAS LTDA.                    ;1420986;74;1;35250700565813000129550030014209861700850647      ;1;1039,7;1039,7;1039,7;0;0;0;03/07/2025;11/07/2025;11/07/2025;943,52;23,58;919,94;0;0;919,94
NOVO;129011;MOTOR TRIF 20CV 6P W22 IR3 V60HZ TFVEB3D;85015210       ;;;26396;MOTOR TRIFASICO W22 IR3 20CV 6P 4T 160L IPW55 60HZ ;6;MÁQ EQUIP FABRICA - REAVAL                                  ;14-17;INTELLI IND.TERM.ELETR.LTDA MULTIPLEX-MANUTENÇÃO ELÉTRICA;9;APELIDO;17186232/0001-89;BUSCARIOLI INDUSTRIA E COMERCIO DE MOTORES ELETRICOS LTDA   ;19691;73;1;35250717186232000189550020000196911597838297      ;1;14642,39;14642,39;14642,39;14642,39;12;1757,09;08/07/2025;14/07/2025;14/07/2025;11530,88;288,27;11242,61;0;0;11242,61
NOVO;113757;MOTOR ELETRI.5CV 6P 132M 220/380/440 B3D;85016100       ;;;26397;MOTOR ELETRI.5CV 6P 132M 220/380/440 B3D ;6;MÁQ EQUIP FABRICA - REAVAL                                  ;13-4;INTELLI IND.TERM.ELETR.LTDA - COBREAÇÃO-MANUTENÇÃO ELÉTRICA;9;APELIDO;17473781/0001-34;MF ORLANDIA MOTORES ELETRICOS LTDA.                         ;1985;72;1;35250617473781000134550010000019851323529780      ;1;2990;2990;2990;0;0;0;12/06/2025;15/07/2025;15/07/2025;2711;67,77;2643,23;0;0;2643,23
NOVO;113757;MOTOR ELETRI.5CV 6P 132M 220/380/440 B3D;85016100       ;;;26398;MOTOR ELETRICO WEG 5CV CARC 132S 1170RPM ;6;MÁQ EQUIP FABRICA - REAVAL                                  ;14-17;INTELLI IND.TERM.ELETR.LTDA MULTIPLEX-MANUTENÇÃO ELÉTRICA;9;APELIDO;17473781/0001-34;MF ORLANDIA MOTORES ELETRICOS LTDA.                         ;1985;72;1;35250617473781000134550010000019851323529780      ;1;2990;2990;2990;0;0;0;12/06/2025;15/07/2025;15/07/2025;2711;67,77;2643,23;0;0;2643,23
NOVO;11505;CADEIRA                                 ;83024900       ;;;26399;CADEIRA EXECUTIVA ERGONOMICA CAIXA S/BR COURVIM PR ;7;MÓVEIS E UTENSÍLIOS                                         ;11-22;INTELLI IND.TERM.ELETR.LTDA - MATRIZ-USINAGEM;9;APELIDO;11018053/0001-56;ABSOLUTA MOVEIS PARA ESCRITÓRIO LTDA ME                     ;11630;72;1;35250711018053000156550010000116301943253666      ;10;560;5600;5600;0;0;0;10/07/2025;15/07/2025;15/07/2025;560;14,01;545,99;0;0;545,99
NOVO;11505;CADEIRA                                 ;83024900       ;;;26400;CADEIRA EXECUTIVA ERGONOMICA CAIXA S/BR COURVIM PR ;7;MÓVEIS E UTENSÍLIOS                                         ;11-22;INTELLI IND.TERM.ELETR.LTDA - MATRIZ-USINAGEM;9;APELIDO;11018053/0001-56;ABSOLUTA MOVEIS PARA ESCRITÓRIO LTDA ME                     ;11630;72;1;35250711018053000156550010000116301943253666      ;10;560;5600;5600;0;0;0;10/07/2025;15/07/2025;15/07/2025;560;14,01;545,99;0;0;545,99
NOVO;11505;CADEIRA                                 ;83024900       ;;;26401;CADEIRA EXECUTIVA ERGONOMICA CAIXA S/BR COURVIM PR ;7;MÓVEIS E UTENSÍLIOS                                         ;11-22;INTELLI IND.TERM.ELETR.LTDA - MATRIZ-USINAGEM;9;APELIDO;11018053/0001-56;ABSOLUTA MOVEIS PARA ESCRITÓRIO LTDA ME                     ;11630;72;1;35250711018053000156550010000116301943253666      ;10;560;5600;5600;0;0;0;10/07/2025;15/07/2025;15/07/2025;560;14,01;545,99;0;0;545,99
NOVO;11505;CADEIRA                                 ;83024900       ;;;26402;CADEIRA EXECUTIVA ERGONOMICA CAIXA S/BR COURVIM PR ;7;MÓVEIS E UTENSÍLIOS                                         ;11-22;INTELLI IND.TERM.ELETR.LTDA - MATRIZ-USINAGEM;9;APELIDO;11018053/0001-56;ABSOLUTA MOVEIS PARA ESCRITÓRIO LTDA ME                     ;11630;72;1;35250711018053000156550010000116301943253666      ;10;560;5600;5600;0;0;0;10/07/2025;15/07/2025;15/07/2025;560;14,01;545,99;0;0;545,99
NOVO;11505;CADEIRA                                 ;83024900       ;;;26403;CADEIRA EXECUTIVA ERGONOMICA CAIXA S/BR COURVIM PR ;7;MÓVEIS E UTENSÍLIOS                                         ;11-22;INTELLI IND.TERM.ELETR.LTDA - MATRIZ-USINAGEM;9;APELIDO;11018053/0001-56;ABSOLUTA MOVEIS PARA ESCRITÓRIO LTDA ME                     ;11630;72;1;35250711018053000156550010000116301943253666      ;10;560;5600;5600;0;0;0;10/07/2025;15/07/2025;15/07/2025;560;14,01;545,99;0;0;545,99
NOVO;11505;CADEIRA                                 ;83024900       ;;;26404;CADEIRA EXECUTIVA ERGONOMICA CAIXA S/BR COURVIM PR ;7;MÓVEIS E UTENSÍLIOS                                         ;11-22;INTELLI IND.TERM.ELETR.LTDA - MATRIZ-USINAGEM;9;APELIDO;11018053/0001-56;ABSOLUTA MOVEIS PARA ESCRITÓRIO LTDA ME                     ;11630;72;1;35250711018053000156550010000116301943253666      ;10;560;5600;5600;0;0;0;10/07/2025;15/07/2025;15/07/2025;560;14,01;545,99;0;0;545,99
NOVO;11505;CADEIRA                                 ;83024900       ;;;26405;CADEIRA EXECUTIVA ERGONOMICA CAIXA S/BR COURVIM PR ;7;MÓVEIS E UTENSÍLIOS                                         ;11-22;INTELLI IND.TERM.ELETR.LTDA - MATRIZ-USINAGEM;9;APELIDO;11018053/0001-56;ABSOLUTA MOVEIS PARA ESCRITÓRIO LTDA ME                     ;11630;72;1;35250711018053000156550010000116301943253666      ;10;560;5600;5600;0;0;0;10/07/2025;15/07/2025;15/07/2025;560;14,01;545,99;0;0;545,99
NOVO;11505;CADEIRA                                 ;83024900       ;;;26406;CADEIRA EXECUTIVA ERGONOMICA CAIXA S/BR COURVIM PR ;7;MÓVEIS E UTENSÍLIOS                                         ;11-22;INTELLI IND.TERM.ELETR.LTDA - MATRIZ-USINAGEM;9;APELIDO;11018053/0001-56;ABSOLUTA MOVEIS PARA ESCRITÓRIO LTDA ME                     ;11630;72;1;35250711018053000156550010000116301943253666      ;10;560;5600;5600;0;0;0;10/07/2025;15/07/2025;15/07/2025;560;14,01;545,99;0;0;545,99
NOVO;11505;CADEIRA                                 ;83024900       ;;;26407;CADEIRA EXECUTIVA ERGONOMICA CAIXA S/BR COURVIM PR ;7;MÓVEIS E UTENSÍLIOS                                         ;11-22;INTELLI IND.TERM.ELETR.LTDA - MATRIZ-USINAGEM;9;APELIDO;11018053/0001-56;ABSOLUTA MOVEIS PARA ESCRITÓRIO LTDA ME                     ;11630;72;1;35250711018053000156550010000116301943253666      ;10;560;5600;5600;0;0;0;10/07/2025;15/07/2025;15/07/2025;560;14,01;545,99;0;0;545,99
NOVO;11505;CADEIRA                                 ;83024900       ;;;26408;CADEIRA EXECUTIVA ERGONOMICA CAIXA S/BR COURVIM PR ;7;MÓVEIS E UTENSÍLIOS                                         ;11-22;INTELLI IND.TERM.ELETR.LTDA - MATRIZ-USINAGEM;9;APELIDO;11018053/0001-56;ABSOLUTA MOVEIS PARA ESCRITÓRIO LTDA ME                     ;11630;72;1;35250711018053000156550010000116301943253666      ;10;560;5600;5600;0;0;0;10/07/2025;15/07/2025;15/07/2025;560;14,01;545,99;0;0;545,99
NOVO;11505;CADEIRA                                 ;83024900       ;;;26409;CADEIRA EXECUTIVA ERGONOMICA CAIXA S/BR COURVIM PR ;7;MÓVEIS E UTENSÍLIOS                                         ;11-19;INTELLI IND.TERM.ELETR.LTDA - MATRIZ-ESTAMPARIA I;9;APELIDO;11018053/0001-56;ABSOLUTA MOVEIS PARA ESCRITÓRIO LTDA ME                     ;11630;72;1;35250711018053000156550010000116301943253666      ;10;560;5600;5600;0;0;0;10/07/2025;15/07/2025;15/07/2025;540;13,5;526,5;0;0;526,5
NOVO;11505;CADEIRA                                 ;83024900       ;;;26410;CADEIRA EXECUTIVA ERGONOMICA CAIXA S/BR COURVIM PR ;7;MÓVEIS E UTENSÍLIOS                                         ;11-19;INTELLI IND.TERM.ELETR.LTDA - MATRIZ-ESTAMPARIA I;9;APELIDO;11018053/0001-56;ABSOLUTA MOVEIS PARA ESCRITÓRIO LTDA ME                     ;11630;72;1;35250711018053000156550010000116301943253666      ;10;560;5600;5600;0;0;0;10/07/2025;15/07/2025;15/07/2025;540;13,5;526,5;0;0;526,5
NOVO;11505;CADEIRA                                 ;83024900       ;;;26411;CADEIRA EXECUTIVA ERGONOMICA CAIXA S/BR COURVIM PR ;7;MÓVEIS E UTENSÍLIOS                                         ;11-19;INTELLI IND.TERM.ELETR.LTDA - MATRIZ-ESTAMPARIA I;9;APELIDO;11018053/0001-56;ABSOLUTA MOVEIS PARA ESCRITÓRIO LTDA ME                     ;11630;72;1;35250711018053000156550010000116301943253666      ;10;560;5600;5600;0;0;0;10/07/2025;15/07/2025;15/07/2025;540;13,5;526,5;0;0;526,5
NOVO;11505;CADEIRA                                 ;83024900       ;;;26412;CADEIRA EXECUTIVA ERGONOMICA CAIXA S/BR COURVIM PR ;7;MÓVEIS E UTENSÍLIOS                                         ;11-19;INTELLI IND.TERM.ELETR.LTDA - MATRIZ-ESTAMPARIA I;9;APELIDO;11018053/0001-56;ABSOLUTA MOVEIS PARA ESCRITÓRIO LTDA ME                     ;11630;72;1;35250711018053000156550010000116301943253666      ;10;560;5600;5600;0;0;0;10/07/2025;15/07/2025;15/07/2025;540;13,5;526,5;0;0;526,5
NOVO;11505;CADEIRA                                 ;83024900       ;;;26413;CADEIRA EXECUTIVA ERGONOMICA CAIXA S/BR COURVIM PR ;7;MÓVEIS E UTENSÍLIOS                                         ;11-19;INTELLI IND.TERM.ELETR.LTDA - MATRIZ-ESTAMPARIA I;9;APELIDO;11018053/0001-56;ABSOLUTA MOVEIS PARA ESCRITÓRIO LTDA ME                     ;11630;72;1;35250711018053000156550010000116301943253666      ;10;560;5600;5600;0;0;0;10/07/2025;15/07/2025;15/07/2025;540;13,5;526,5;0;0;526,5
NOVO;11505;CADEIRA                                 ;83024900       ;;;26414;CADEIRA EXECUTIVA ERGONOMICA CAIXA S/BR COURVIM PR ;7;MÓVEIS E UTENSÍLIOS                                         ;11-19;INTELLI IND.TERM.ELETR.LTDA - MATRIZ-ESTAMPARIA I;9;APELIDO;11018053/0001-56;ABSOLUTA MOVEIS PARA ESCRITÓRIO LTDA ME                     ;11630;72;1;35250711018053000156550010000116301943253666      ;10;560;5600;5600;0;0;0;10/07/2025;15/07/2025;15/07/2025;540;13,5;526,5;0;0;526,5
NOVO;11505;CADEIRA                                 ;83024900       ;;;26415;CADEIRA EXECUTIVA ERGONOMICA CAIXA S/BR COURVIM PR ;7;MÓVEIS E UTENSÍLIOS                                         ;11-19;INTELLI IND.TERM.ELETR.LTDA - MATRIZ-ESTAMPARIA I;9;APELIDO;11018053/0001-56;ABSOLUTA MOVEIS PARA ESCRITÓRIO LTDA ME                     ;11630;72;1;35250711018053000156550010000116301943253666      ;10;560;5600;5600;0;0;0;10/07/2025;15/07/2025;15/07/2025;540;13,5;526,5;0;0;526,5
NOVO;11505;CADEIRA                                 ;83024900       ;;;26416;CADEIRA EXECUTIVA ERGONOMICA CAIXA S/BR COURVIM PR ;7;MÓVEIS E UTENSÍLIOS                                         ;11-19;INTELLI IND.TERM.ELETR.LTDA - MATRIZ-ESTAMPARIA I;9;APELIDO;11018053/0001-56;ABSOLUTA MOVEIS PARA ESCRITÓRIO LTDA ME                     ;11630;72;1;35250711018053000156550010000116301943253666      ;10;560;5600;5600;0;0;0;10/07/2025;15/07/2025;15/07/2025;540;13,5;526,5;0;0;526,5
NOVO;11505;CADEIRA                                 ;83024900       ;;;26417;CADEIRA EXECUTIVA ERGONOMICA CAIXA S/BR COURVIM PR ;7;MÓVEIS E UTENSÍLIOS                                         ;11-19;INTELLI IND.TERM.ELETR.LTDA - MATRIZ-ESTAMPARIA I;9;APELIDO;11018053/0001-56;ABSOLUTA MOVEIS PARA ESCRITÓRIO LTDA ME                     ;11630;72;1;35250711018053000156550010000116301943253666      ;10;560;5600;5600;0;0;0;10/07/2025;15/07/2025;15/07/2025;540;13,5;526,5;0;0;526,5
NOVO;105272;KIT 6 RADIOS WALKTALK BOAFENG 777S      ;39241000       ;;;26418;KIT 6 RADIOS WALKTALK BOAFENG ;7;MÓVEIS E UTENSÍLIOS                                         ;11-24;INTELLI IND.TERM.ELETR.LTDA - MATRIZ-FERRAMENTARIA;9;APELIDO;24318218/0001-57;WM AUTOMACAO & EQUIPAMENTOS LTDA.                           ;3545;72;1;35250624318218000157550010000035451043277005      ;1;438,68;438,68;438,68;0;0;0;30/06/2025;17/07/2025;17/07/2025;438,68;10,98;427,7;0;0;427,7
NOVO;127887;ARMARIO AÇO  1,70 X 0,90 X 0,35         ;94031000       ;;;26419;ARMARIO EM AÇO 170 X090 X035 ;7;MÓVEIS E UTENSÍLIOS                                         ;14-13;INTELLI IND.TERM.ELETR.LTDA MULTIPLEX-MANUTENÇÃO MECÂNICA;9;APELIDO;11018053/0001-56;ABSOLUTA MOVEIS PARA ESCRITÓRIO LTDA ME                     ;11581;72;1;35250611018053000156550010000115811217706923      ;1;820;820;820;0;0;0;23/06/2025;17/07/2025;17/07/2025;820;20,49;799,51;0;0;799,51
NOVO;127887;ARMARIO AÇO  1,70 X 0,90 X 0,35         ;94031000       ;;;26420;ARMARIO AÇO TIPO VESTIARIO C/ 16 PORTAS ;7;MÓVEIS E UTENSÍLIOS                                         ;14-19;INTELLI IND.TERM.ELETR.LTDA MULTIPLEX-REFEITÓRIO;9;APELIDO;11018053/0001-56;ABSOLUTA MOVEIS PARA ESCRITÓRIO LTDA ME                     ;11581;72;1;35250611018053000156550010000115811217706923      ;1;820;820;820;0;0;0;23/06/2025;17/07/2025;17/07/2025;1215;30,36;1184,64;0;0;1184,64
NOVO;127887;ARMARIO AÇO  1,70 X 0,90 X 0,35         ;94031000       ;;;26421;ARMARIO AÇO TIPO VESTIARIO C/ 16 PORTAS ;7;MÓVEIS E UTENSÍLIOS                                         ;14-19;INTELLI IND.TERM.ELETR.LTDA MULTIPLEX-REFEITÓRIO;9;APELIDO;11018053/0001-56;ABSOLUTA MOVEIS PARA ESCRITÓRIO LTDA ME                     ;11581;72;1;35250611018053000156550010000115811217706923      ;1;820;820;820;0;0;0;23/06/2025;17/07/2025;17/07/2025;1215;30,36;1184,64;0;0;1184,64
NOVO;127887;ARMARIO AÇO  1,70 X 0,90 X 0,35         ;94031000       ;;;26422;CADEIRA EX ERGONOMICA CAISA SEM ARO COURVIM PRETO ;7;MÓVEIS E UTENSÍLIOS                                         ;16-2;INTELLI IND. TERM. ELETR. - MONTAGGIO-LINHA DE EMBALAGEM;9;APELIDO;11018053/0001-56;ABSOLUTA MOVEIS PARA ESCRITÓRIO LTDA ME                     ;11581;72;1;35250611018053000156550010000115811217706923      ;1;820;820;820;0;0;0;23/06/2025;17/07/2025;17/07/2025;540;13,5;526,5;0;0;526,5
NOVO;127887;ARMARIO AÇO  1,70 X 0,90 X 0,35         ;94031000       ;;;26423;CADEIRA EX ERGONOMICA CAISA SEM ARO COURVIM PRETO ;7;MÓVEIS E UTENSÍLIOS                                         ;16-2;INTELLI IND. TERM. ELETR. - MONTAGGIO-LINHA DE EMBALAGEM;9;APELIDO;11018053/0001-56;ABSOLUTA MOVEIS PARA ESCRITÓRIO LTDA ME                     ;11581;72;1;35250611018053000156550010000115811217706923      ;1;820;820;820;0;0;0;23/06/2025;17/07/2025;17/07/2025;540;13,5;526,5;0;0;526,5
NOVO;127887;ARMARIO AÇO  1,70 X 0,90 X 0,35         ;94031000       ;;;26424;CADEIRA EX ERGONOMICA CAISA SEM ARO COURVIM PRETO ;7;MÓVEIS E UTENSÍLIOS                                         ;16-2;INTELLI IND. TERM. ELETR. - MONTAGGIO-LINHA DE EMBALAGEM;9;APELIDO;11018053/0001-56;ABSOLUTA MOVEIS PARA ESCRITÓRIO LTDA ME                     ;11581;72;1;35250611018053000156550010000115811217706923      ;1;820;820;820;0;0;0;23/06/2025;17/07/2025;17/07/2025;540;13,5;526,5;0;0;526,5
NOVO;127887;ARMARIO AÇO  1,70 X 0,90 X 0,35         ;94031000       ;;;26425;CADEIRA EX ERGONOMICA CAISA SEM ARO COURVIM PRETO ;7;MÓVEIS E UTENSÍLIOS                                         ;16-2;INTELLI IND. TERM. ELETR. - MONTAGGIO-LINHA DE EMBALAGEM;9;APELIDO;11018053/0001-56;ABSOLUTA MOVEIS PARA ESCRITÓRIO LTDA ME                     ;11581;72;1;35250611018053000156550010000115811217706923      ;1;820;820;820;0;0;0;23/06/2025;17/07/2025;17/07/2025;540;13,5;526,5;0;0;526,5
NOVO;127887;ARMARIO AÇO  1,70 X 0,90 X 0,35         ;94031000       ;;;26426;CADEIRA EX ERGONOMICA CAISA SEM ARO COURVIM PRETO ;7;MÓVEIS E UTENSÍLIOS                                         ;16-2;INTELLI IND. TERM. ELETR. - MONTAGGIO-LINHA DE EMBALAGEM;9;APELIDO;11018053/0001-56;ABSOLUTA MOVEIS PARA ESCRITÓRIO LTDA ME                     ;11581;72;1;35250611018053000156550010000115811217706923      ;1;820;820;820;0;0;0;23/06/2025;17/07/2025;17/07/2025;540;13,5;526,5;0;0;526,5
NOVO;127887;ARMARIO AÇO  1,70 X 0,90 X 0,35         ;94031000       ;;;26427;CADEIRA EX ERGONOMICA CAISA SEM ARO COURVIM PRETO ;7;MÓVEIS E UTENSÍLIOS                                         ;16-2;INTELLI IND. TERM. ELETR. - MONTAGGIO-LINHA DE EMBALAGEM;9;APELIDO;11018053/0001-56;ABSOLUTA MOVEIS PARA ESCRITÓRIO LTDA ME                     ;11581;72;1;35250611018053000156550010000115811217706923      ;1;820;820;820;0;0;0;23/06/2025;17/07/2025;17/07/2025;540;13,5;526,5;0;0;526,5
NOVO;127887;ARMARIO AÇO  1,70 X 0,90 X 0,35         ;94031000       ;;;26428;CADEIRA EX ERGONOMICA CAISA SEM ARO COURVIM PRETO ;7;MÓVEIS E UTENSÍLIOS                                         ;16-2;INTELLI IND. TERM. ELETR. - MONTAGGIO-LINHA DE EMBALAGEM;9;APELIDO;11018053/0001-56;ABSOLUTA MOVEIS PARA ESCRITÓRIO LTDA ME                     ;11581;72;1;35250611018053000156550010000115811217706923      ;1;820;820;820;0;0;0;23/06/2025;17/07/2025;17/07/2025;540;13,5;526,5;0;0;526,5
NOVO;127887;ARMARIO AÇO  1,70 X 0,90 X 0,35         ;94031000       ;;;26429;CADEIRA EX ERGONOMICA CAISA SEM ARO COURVIM PRETO ;7;MÓVEIS E UTENSÍLIOS                                         ;16-2;INTELLI IND. TERM. ELETR. - MONTAGGIO-LINHA DE EMBALAGEM;9;APELIDO;11018053/0001-56;ABSOLUTA MOVEIS PARA ESCRITÓRIO LTDA ME                     ;11581;72;1;35250611018053000156550010000115811217706923      ;1;820;820;820;0;0;0;23/06/2025;17/07/2025;17/07/2025;540;13,5;526,5;0;0;526,5
NOVO;54317;CAIXA METALICA PEQUENA 800x560x400MM    ;73090090       ;;;26430;CAIXA METALICA PEQUENA 800x560x400MM ;6;MÁQ EQUIP FÁBRICA - REAVAL                                  ;12-5;INTELLI IND.TERM.ELETR.LTDA - FUNDIÇÃO-MOLDAGEM AREIA VERDE;9;APELIDO;10301112/0001-36;SONIA MARIA TROMBETTA VIEIRA E CIA LTDA - ME                ;456;72;1;35250610301112000136550010000004561028069016      ;20;1160;23200;23200;0;0;0;24/06/2025;17/07/2025;17/07/2025;1052,7;26,31;1026,39;0;0;1026,39
NOVO;54317;CAIXA METALICA PEQUENA 800x560x400MM    ;73090090       ;;;26431;CAIXA METALICA PEQUENA 800x560x400MM ;6;MÁQ EQUIP FÁBRICA - REAVAL                                  ;12-5;INTELLI IND.TERM.ELETR.LTDA - FUNDIÇÃO-MOLDAGEM AREIA VERDE;9;APELIDO;10301112/0001-36;SONIA MARIA TROMBETTA VIEIRA E CIA LTDA - ME                ;456;72;1;35250610301112000136550010000004561028069016      ;20;1160;23200;23200;0;0;0;24/06/2025;17/07/2025;17/07/2025;1052,7;26,31;1026,39;0;0;1026,39
NOVO;54317;CAIXA METALICA PEQUENA 800x560x400MM    ;73090090       ;;;26432;CAIXA METALICA PEQUENA 800x560x400MM ;6;MÁQ EQUIP FÁBRICA - REAVAL                                  ;12-5;INTELLI IND.TERM.ELETR.LTDA - FUNDIÇÃO-MOLDAGEM AREIA VERDE;9;APELIDO;10301112/0001-36;SONIA MARIA TROMBETTA VIEIRA E CIA LTDA - ME                ;456;72;1;35250610301112000136550010000004561028069016      ;20;1160;23200;23200;0;0;0;24/06/2025;17/07/2025;17/07/2025;1052,7;26,31;1026,39;0;0;1026,39
NOVO;54317;CAIXA METALICA PEQUENA 800x560x400MM    ;73090090       ;;;26433;CAIXA METALICA PEQUENA 800x560x400MM ;6;MÁQ EQUIP FÁBRICA - REAVAL                                  ;12-5;INTELLI IND.TERM.ELETR.LTDA - FUNDIÇÃO-MOLDAGEM AREIA VERDE;9;APELIDO;10301112/0001-36;SONIA MARIA TROMBETTA VIEIRA E CIA LTDA - ME                ;456;72;1;35250610301112000136550010000004561028069016      ;20;1160;23200;23200;0;0;0;24/06/2025;17/07/2025;17/07/2025;1052,7;26,31;1026,39;0;0;1026,39
NOVO;54317;CAIXA METALICA PEQUENA 800x560x400MM    ;73090090       ;;;26434;CAIXA METALICA PEQUENA 800x560x400MM ;6;MÁQ EQUIP FÁBRICA - REAVAL                                  ;12-5;INTELLI IND.TERM.ELETR.LTDA - FUNDIÇÃO-MOLDAGEM AREIA VERDE;9;APELIDO;10301112/0001-36;SONIA MARIA TROMBETTA VIEIRA E CIA LTDA - ME                ;456;72;1;35250610301112000136550010000004561028069016      ;20;1160;23200;23200;0;0;0;24/06/2025;17/07/2025;17/07/2025;1052,7;26,31;1026,39;0;0;1026,39
NOVO;54317;CAIXA METALICA PEQUENA 800x560x400MM    ;73090090       ;;;26435;CAIXA METALICA PEQUENA 800x560x400MM ;6;MÁQ EQUIP FÁBRICA - REAVAL                                  ;12-5;INTELLI IND.TERM.ELETR.LTDA - FUNDIÇÃO-MOLDAGEM AREIA VERDE;9;APELIDO;10301112/0001-36;SONIA MARIA TROMBETTA VIEIRA E CIA LTDA - ME                ;456;72;1;35250610301112000136550010000004561028069016      ;20;1160;23200;23200;0;0;0;24/06/2025;17/07/2025;17/07/2025;1052,7;26,31;1026,39;0;0;1026,39
NOVO;54317;CAIXA METALICA PEQUENA 800x560x400MM    ;73090090       ;;;26436;CAIXA METALICA PEQUENA 800x560x400MM ;6;MÁQ EQUIP FÁBRICA - REAVAL                                  ;12-5;INTELLI IND.TERM.ELETR.LTDA - FUNDIÇÃO-MOLDAGEM AREIA VERDE;9;APELIDO;10301112/0001-36;SONIA MARIA TROMBETTA VIEIRA E CIA LTDA - ME                ;456;72;1;35250610301112000136550010000004561028069016      ;20;1160;23200;23200;0;0;0;24/06/2025;17/07/2025;17/07/2025;1052,7;26,31;1026,39;0;0;1026,39
NOVO;54317;CAIXA METALICA PEQUENA 800x560x400MM    ;73090090       ;;;26437;CAIXA METALICA PEQUENA 800x560x400MM ;6;MÁQ EQUIP FÁBRICA - REAVAL                                  ;12-5;INTELLI IND.TERM.ELETR.LTDA - FUNDIÇÃO-MOLDAGEM AREIA VERDE;9;APELIDO;10301112/0001-36;SONIA MARIA TROMBETTA VIEIRA E CIA LTDA - ME                ;456;72;1;35250610301112000136550010000004561028069016      ;20;1160;23200;23200;0;0;0;24/06/2025;17/07/2025;17/07/2025;1052,7;26,31;1026,39;0;0;1026,39
NOVO;54317;CAIXA METALICA PEQUENA 800x560x400MM    ;73090090       ;;;26438;CAIXA METALICA PEQUENA 800x560x400MM ;6;MÁQ EQUIP FÁBRICA - REAVAL                                  ;12-5;INTELLI IND.TERM.ELETR.LTDA - FUNDIÇÃO-MOLDAGEM AREIA VERDE;9;APELIDO;10301112/0001-36;SONIA MARIA TROMBETTA VIEIRA E CIA LTDA - ME                ;456;72;1;35250610301112000136550010000004561028069016      ;20;1160;23200;23200;0;0;0;24/06/2025;17/07/2025;17/07/2025;1052,7;26,31;1026,39;0;0;1026,39
NOVO;54317;CAIXA METALICA PEQUENA 800x560x400MM    ;73090090       ;;;26439;CAIXA METALICA PEQUENA 800x560x400MM ;6;MÁQ EQUIP FÁBRICA - REAVAL                                  ;12-5;INTELLI IND.TERM.ELETR.LTDA - FUNDIÇÃO-MOLDAGEM AREIA VERDE;9;APELIDO;10301112/0001-36;SONIA MARIA TROMBETTA VIEIRA E CIA LTDA - ME                ;456;72;1;35250610301112000136550010000004561028069016      ;20;1160;23200;23200;0;0;0;24/06/2025;17/07/2025;17/07/2025;1052,7;26,31;1026,39;0;0;1026,39
NOVO;54317;CAIXA METALICA PEQUENA 800x560x400MM    ;73090090       ;;;26440;CAIXA METALICA PEQUENA 800x560x400MM ;6;MÁQ EQUIP FÁBRICA - REAVAL                                  ;12-5;INTELLI IND.TERM.ELETR.LTDA - FUNDIÇÃO-MOLDAGEM AREIA VERDE;9;APELIDO;10301112/0001-36;SONIA MARIA TROMBETTA VIEIRA E CIA LTDA - ME                ;456;72;1;35250610301112000136550010000004561028069016      ;20;1160;23200;23200;0;0;0;24/06/2025;17/07/2025;17/07/2025;1052,7;26,31;1026,39;0;0;1026,39
NOVO;54317;CAIXA METALICA PEQUENA 800x560x400MM    ;73090090       ;;;26441;CAIXA METALICA PEQUENA 800x560x400MM ;6;MÁQ EQUIP FÁBRICA - REAVAL                                  ;12-5;INTELLI IND.TERM.ELETR.LTDA - FUNDIÇÃO-MOLDAGEM AREIA VERDE;9;APELIDO;10301112/0001-36;SONIA MARIA TROMBETTA VIEIRA E CIA LTDA - ME                ;456;72;1;35250610301112000136550010000004561028069016      ;20;1160;23200;23200;0;0;0;24/06/2025;17/07/2025;17/07/2025;1052,7;26,31;1026,39;0;0;1026,39
NOVO;54317;CAIXA METALICA PEQUENA 800x560x400MM    ;73090090       ;;;26442;CAIXA METALICA PEQUENA 800x560x400MM ;6;MÁQ EQUIP FÁBRICA - REAVAL                                  ;12-5;INTELLI IND.TERM.ELETR.LTDA - FUNDIÇÃO-MOLDAGEM AREIA VERDE;9;APELIDO;10301112/0001-36;SONIA MARIA TROMBETTA VIEIRA E CIA LTDA - ME                ;456;72;1;35250610301112000136550010000004561028069016      ;20;1160;23200;23200;0;0;0;24/06/2025;17/07/2025;17/07/2025;1052,7;26,31;1026,39;0;0;1026,39
NOVO;54317;CAIXA METALICA PEQUENA 800x560x400MM    ;73090090       ;;;26443;CAIXA METALICA PEQUENA 800x560x400MM ;6;MÁQ EQUIP FÁBRICA - REAVAL                                  ;12-5;INTELLI IND.TERM.ELETR.LTDA - FUNDIÇÃO-MOLDAGEM AREIA VERDE;9;APELIDO;10301112/0001-36;SONIA MARIA TROMBETTA VIEIRA E CIA LTDA - ME                ;456;72;1;35250610301112000136550010000004561028069016      ;20;1160;23200;23200;0;0;0;24/06/2025;17/07/2025;17/07/2025;1052,7;26,31;1026,39;0;0;1026,39
NOVO;54317;CAIXA METALICA PEQUENA 800x560x400MM    ;73090090       ;;;26444;CAIXA METALICA PEQUENA 800x560x400MM ;6;MÁQ EQUIP FÁBRICA - REAVAL                                  ;12-5;INTELLI IND.TERM.ELETR.LTDA - FUNDIÇÃO-MOLDAGEM AREIA VERDE;9;APELIDO;10301112/0001-36;SONIA MARIA TROMBETTA VIEIRA E CIA LTDA - ME                ;456;72;1;35250610301112000136550010000004561028069016      ;20;1160;23200;23200;0;0;0;24/06/2025;17/07/2025;17/07/2025;1052,7;26,31;1026,39;0;0;1026,39
NOVO;54317;CAIXA METALICA PEQUENA 800x560x400MM    ;73090090       ;;;26445;CAIXA METALICA PEQUENA 800x560x400MM ;6;MÁQ EQUIP FÁBRICA - REAVAL                                  ;12-5;INTELLI IND.TERM.ELETR.LTDA - FUNDIÇÃO-MOLDAGEM AREIA VERDE;9;APELIDO;10301112/0001-36;SONIA MARIA TROMBETTA VIEIRA E CIA LTDA - ME                ;456;72;1;35250610301112000136550010000004561028069016      ;20;1160;23200;23200;0;0;0;24/06/2025;17/07/2025;17/07/2025;1052,7;26,31;1026,39;0;0;1026,39
NOVO;54317;CAIXA METALICA PEQUENA 800x560x400MM    ;73090090       ;;;26446;CAIXA METALICA PEQUENA 800x560x400MM ;6;MÁQ EQUIP FÁBRICA - REAVAL                                  ;12-5;INTELLI IND.TERM.ELETR.LTDA - FUNDIÇÃO-MOLDAGEM AREIA VERDE;9;APELIDO;10301112/0001-36;SONIA MARIA TROMBETTA VIEIRA E CIA LTDA - ME                ;456;72;1;35250610301112000136550010000004561028069016      ;20;1160;23200;23200;0;0;0;24/06/2025;17/07/2025;17/07/2025;1052,7;26,31;1026,39;0;0;1026,39
NOVO;54317;CAIXA METALICA PEQUENA 800x560x400MM    ;73090090       ;;;26447;CAIXA METALICA PEQUENA 800x560x400MM ;6;MÁQ EQUIP FÁBRICA - REAVAL                                  ;12-5;INTELLI IND.TERM.ELETR.LTDA - FUNDIÇÃO-MOLDAGEM AREIA VERDE;9;APELIDO;10301112/0001-36;SONIA MARIA TROMBETTA VIEIRA E CIA LTDA - ME                ;456;72;1;35250610301112000136550010000004561028069016      ;20;1160;23200;23200;0;0;0;24/06/2025;17/07/2025;17/07/2025;1052,7;26,31;1026,39;0;0;1026,39
NOVO;54317;CAIXA METALICA PEQUENA 800x560x400MM    ;73090090       ;;;26448;CAIXA METALICA PEQUENA 800x560x400MM ;6;MÁQ EQUIP FÁBRICA - REAVAL                                  ;12-5;INTELLI IND.TERM.ELETR.LTDA - FUNDIÇÃO-MOLDAGEM AREIA VERDE;9;APELIDO;10301112/0001-36;SONIA MARIA TROMBETTA VIEIRA E CIA LTDA - ME                ;456;72;1;35250610301112000136550010000004561028069016      ;20;1160;23200;23200;0;0;0;24/06/2025;17/07/2025;17/07/2025;1052,7;26,31;1026,39;0;0;1026,39
NOVO;54317;CAIXA METALICA PEQUENA 800x560x400MM    ;73090090       ;;;26449;CAIXA METALICA PEQUENA 800x560x400MM ;6;MÁQ EQUIP FÁBRICA - REAVAL                                  ;12-5;INTELLI IND.TERM.ELETR.LTDA - FUNDIÇÃO-MOLDAGEM AREIA VERDE;9;APELIDO;10301112/0001-36;SONIA MARIA TROMBETTA VIEIRA E CIA LTDA - ME                ;456;72;1;35250610301112000136550010000004561028069016      ;20;1160;23200;23200;0;0;0;24/06/2025;17/07/2025;17/07/2025;1052,7;26,31;1026,39;0;0;1026,39
NOVO;105272;KIT 6 RADIOS WALKTALK BOAFENG 777S      ;99999999       ;;;26450;KIT 6 RADIOS WALKTALK BOAFENG 777S ;7;MÓVEIS E UTENSÍLIOS                                         ;14-18;INTELLI IND.TERM.ELETR.LTDA MULTIPLEX-MULTIPLEX 2;9;APELIDO;24318218/0001-57;WM AUTOMACAO & EQUIPAMENTOS LTDA.                           ;3566;72;1;35250724318218000157550010000035661043277009      ;1;438,68;438,68;438,68;0;0;0;01/07/2025;17/07/2025;17/07/2025;438,68;10,98;427,7;0;0;427,7
NOVO;117539;IMPRESSORA EPSON ECOTANK L6270          ;84433111       ;;;26451;IMPRESSORA EPSON ECOTANK L6270 ;1;EQUIPAMENTOS DE INFORMÁTICA                                 ;11-17;INTELLI IND.TERM.ELETR.LTDA - MATRIZ-TECNOLOGIA DA INFORM. E COMUNIC. T.I.C.;9;APELIDO;94623741/0005-04;MAZER DISTRIBUIDORA LTDA                                    ;124109;77;1;32250694623741000504550050001241091375102895      ;1;2490;2490;2490;2490;4;99,6;20/06/2025;17/07/2025;17/07/2025;2490;124,5;2365,5;0;0;2365,5
NOVO;110849;TV 50 LED FULL HD                       ;85287200       ;;;26452;TV 50 LED FULL HD SAMSUNG 50DU7700 ;1;EQUIPAMENTOS DE INFORMÁTICA                                 ;11-31;INTELLI IND.TERM.ELETR.LTDA - MATRIZ-ENGENHARIA DE PROJETOS;9;APELIDO;47960950/1035-24;MAGAZINE LUIZA S/A                                          ;37661;72;1;31250747960950103524550010000376611077227765      ;1;2279,05;2279,05;2279,05;2279,05;12;273,49;10/07/2025;15/07/2025;15/07/2025;2279,05;113,94;2165,11;0;0;2165,11
NOVO;133600;IMPRESSORA TTO TESLA TC32mm CONT.32X150 ;84433910       ;;;26453;IMPRESSORA TTO TESLA TC32mm CONT.32X150 ;6;MÁQ EQUIP FABRICA - REAVAL                                  ;16-2;INTELLI IND. TERM. ELETR. - MONTAGGIO-LINHA DE EMBALAGEM;9;APELIDO;17731975/0004-35;TESLA MARCAÇÕES INDUSTRIAIS LTDA                            ;10858;65;1;42250717731975000435550000000108581200193734      ;1;23900;23900;23900;23900;4;956;08/07/2025;16/07/2025;16/07/2025;20733,25;518,34;20214,91;0;0;20214,91
NOVO;136134;KIT TRILHO DELTA PARA NOBREAK           ;85049090       ;;;26454;KIT TRILHO DELTA PARA NOBREAK ;1;EQUIPAMENTOS DE INFORMÁTICA                                 ;11-17;INTELLI IND.TERM.ELETR.LTDA - MATRIZ-TECNOLOGIA DA INFORM. E COMUNIC. T.I.C.;9;APELIDO;9642535/0001-30;INTELMAX TELECOMUNICAÇÕES LTDA - ME                         ;1143;94;1;35250609642535000130550100000011431077373753      ;6;369;2214;2214;2214;18;398,52;23/06/2025;17/07/2025;17/07/2025;369;18,45;350,55;0;0;350,55
NOVO;136134;KIT TRILHO DELTA PARA NOBREAK           ;85049090       ;;;26455;KIT TRILHO DELTA PARA NOBREAK ;1;EQUIPAMENTOS DE INFORMÁTICA                                 ;11-17;INTELLI IND.TERM.ELETR.LTDA - MATRIZ-TECNOLOGIA DA INFORM. E COMUNIC. T.I.C.;9;APELIDO;9642535/0001-30;INTELMAX TELECOMUNICAÇÕES LTDA - ME                         ;1143;94;1;35250609642535000130550100000011431077373753      ;6;369;2214;2214;2214;18;398,52;23/06/2025;17/07/2025;17/07/2025;369;18,45;350,55;0;0;350,55
NOVO;136134;KIT TRILHO DELTA PARA NOBREAK           ;85049090       ;;;26456;KIT TRILHO DELTA PARA NOBREAK ;1;EQUIPAMENTOS DE INFORMÁTICA                                 ;11-17;INTELLI IND.TERM.ELETR.LTDA - MATRIZ-TECNOLOGIA DA INFORM. E COMUNIC. T.I.C.;9;APELIDO;9642535/0001-30;INTELMAX TELECOMUNICAÇÕES LTDA - ME                         ;1143;94;1;35250609642535000130550100000011431077373753      ;6;369;2214;2214;2214;18;398,52;23/06/2025;17/07/2025;17/07/2025;369;18,45;350,55;0;0;350,55
NOVO;136134;KIT TRILHO DELTA PARA NOBREAK           ;85049090       ;;;26457;KIT TRILHO DELTA PARA NOBREAK ;1;EQUIPAMENTOS DE INFORMÁTICA                                 ;11-17;INTELLI IND.TERM.ELETR.LTDA - MATRIZ-TECNOLOGIA DA INFORM. E COMUNIC. T.I.C.;9;APELIDO;9642535/0001-30;INTELMAX TELECOMUNICAÇÕES LTDA - ME                         ;1143;94;1;35250609642535000130550100000011431077373753      ;6;369;2214;2214;2214;18;398,52;23/06/2025;17/07/2025;17/07/2025;369;18,45;350,55;0;0;350,55
NOVO;136134;KIT TRILHO DELTA PARA NOBREAK           ;85049090       ;;;26458;KIT TRILHO DELTA PARA NOBREAK ;1;EQUIPAMENTOS DE INFORMÁTICA                                 ;11-17;INTELLI IND.TERM.ELETR.LTDA - MATRIZ-TECNOLOGIA DA INFORM. E COMUNIC. T.I.C.;9;APELIDO;9642535/0001-30;INTELMAX TELECOMUNICAÇÕES LTDA - ME                         ;1143;94;1;35250609642535000130550100000011431077373753      ;6;369;2214;2214;2214;18;398,52;23/06/2025;17/07/2025;17/07/2025;369;18,45;350,55;0;0;350,55
NOVO;136134;KIT TRILHO DELTA PARA NOBREAK           ;85049090       ;;;26459;KIT TRILHO DELTA PARA NOBREAK ;1;EQUIPAMENTOS DE INFORMÁTICA                                 ;11-17;INTELLI IND.TERM.ELETR.LTDA - MATRIZ-TECNOLOGIA DA INFORM. E COMUNIC. T.I.C.;9;APELIDO;9642535/0001-30;INTELMAX TELECOMUNICAÇÕES LTDA - ME                         ;1143;94;1;35250609642535000130550100000011431077373753      ;6;369;2214;2214;2214;18;398,52;23/06/2025;17/07/2025;17/07/2025;369;18,45;350,55;0;0;350,55
NOVO;136134;KIT TRILHO DELTA PARA NOBREAK           ;85049090       ;;;26460;NOBREAK RT G3 ON 220V 1KVA DELTA. ;1;EQUIPAMENTOS DE INFORMÁTICA                                 ;11-17;INTELLI IND.TERM.ELETR.LTDA - MATRIZ-TECNOLOGIA DA INFORM. E COMUNIC. T.I.C.;9;APELIDO;9642535/0001-30;INTELMAX TELECOMUNICAÇÕES LTDA - ME                         ;1143;94;1;35250609642535000130550100000011431077373753      ;6;369;2214;2214;2214;18;398,52;23/06/2025;17/07/2025;17/07/2025;4320,03;216;4104,03;0;0;4104,03
NOVO;136134;KIT TRILHO DELTA PARA NOBREAK           ;85049090       ;;;26461;NOBREAK RT G3 ON 220V 1KVA DELTA. ;1;EQUIPAMENTOS DE INFORMÁTICA                                 ;11-17;INTELLI IND.TERM.ELETR.LTDA - MATRIZ-TECNOLOGIA DA INFORM. E COMUNIC. T.I.C.;9;APELIDO;9642535/0001-30;INTELMAX TELECOMUNICAÇÕES LTDA - ME                         ;1143;94;1;35250609642535000130550100000011431077373753      ;6;369;2214;2214;2214;18;398,52;23/06/2025;17/07/2025;17/07/2025;4320;216;4104;0;0;4104
NOVO;136134;KIT TRILHO DELTA PARA NOBREAK           ;85049090       ;;;26462;NOBREAK RT G3 ON 220V 1KVA DELTA. ;1;EQUIPAMENTOS DE INFORMÁTICA                                 ;11-17;INTELLI IND.TERM.ELETR.LTDA - MATRIZ-TECNOLOGIA DA INFORM. E COMUNIC. T.I.C.;9;APELIDO;9642535/0001-30;INTELMAX TELECOMUNICAÇÕES LTDA - ME                         ;1143;94;1;35250609642535000130550100000011431077373753      ;6;369;2214;2214;2214;18;398,52;23/06/2025;17/07/2025;17/07/2025;4320;216;4104;0;0;4104
NOVO;136134;KIT TRILHO DELTA PARA NOBREAK           ;85049090       ;;;26463;NOBREAK RT G3 ON 220V 1KVA DELTA. ;1;EQUIPAMENTOS DE INFORMÁTICA                                 ;11-17;INTELLI IND.TERM.ELETR.LTDA - MATRIZ-TECNOLOGIA DA INFORM. E COMUNIC. T.I.C.;9;APELIDO;9642535/0001-30;INTELMAX TELECOMUNICAÇÕES LTDA - ME                         ;1143;94;1;35250609642535000130550100000011431077373753      ;6;369;2214;2214;2214;18;398,52;23/06/2025;17/07/2025;17/07/2025;4320;216;4104;0;0;4104
NOVO;136134;KIT TRILHO DELTA PARA NOBREAK           ;85049090       ;;;26464;NOBREAK RT G3 ON 220V 1KVA DELTA. ;1;EQUIPAMENTOS DE INFORMÁTICA                                 ;11-17;INTELLI IND.TERM.ELETR.LTDA - MATRIZ-TECNOLOGIA DA INFORM. E COMUNIC. T.I.C.;9;APELIDO;9642535/0001-30;INTELMAX TELECOMUNICAÇÕES LTDA - ME                         ;1143;94;1;35250609642535000130550100000011431077373753      ;6;369;2214;2214;2214;18;398,52;23/06/2025;17/07/2025;17/07/2025;4320;216;4104;0;0;4104
NOVO;136134;KIT TRILHO DELTA PARA NOBREAK           ;85049090       ;;;26465;NOBREAK RT G3 ON 220V 1KVA DELTA. ;1;EQUIPAMENTOS DE INFORMÁTICA                                 ;11-17;INTELLI IND.TERM.ELETR.LTDA - MATRIZ-TECNOLOGIA DA INFORM. E COMUNIC. T.I.C.;9;APELIDO;9642535/0001-30;INTELMAX TELECOMUNICAÇÕES LTDA - ME                         ;1143;94;1;35250609642535000130550100000011431077373753      ;6;369;2214;2214;2214;18;398,52;23/06/2025;17/07/2025;17/07/2025;4320;216;4104;0;0;4104
;;;;;;26466;MAQUINA DE SERRAR TUBO E PERFIS  (SRA04) ;6;MÁQ EQUIP FABRICA - REAVAL                                  ;17-10;INTELLI IND. TERM. ELETR. - COMMERCIALE-SERRAS;9;APELIDO;;;;;;;;;;;;;;;;18/07/2025;23603,93;590,1;23013,83;0;0;23013,83
;;;;;;26467;MAQUINA DE SERRAR TUBO E PERFIS  (SRA06) ;6;MÁQ EQUIP FABRICA - REAVAL                                  ;17-10;INTELLI IND. TERM. ELETR. - COMMERCIALE-SERRAS;9;APELIDO;;;;;;;;;;;;;;;;18/07/2025;23603,93;590,1;23013,83;0;0;23013,83
;;;;;;26468;MAQUINA DE SERRAR TUBO E PERFIS (SRA07) ;6;MÁQ EQUIP FABRICA - REAVAL                                  ;17-10;INTELLI IND. TERM. ELETR. - COMMERCIALE-SERRAS;9;APELIDO;;;;;;;;;;;;;;;;18/07/2025;23603,93;590,1;23013,83;0;0;23013,83
;;;;;;26469;MAQUINA DE SERRAR TUBO E PERFIS (SRA08) ;6;MÁQ EQUIP FABRICA - REAVAL                                  ;17-10;INTELLI IND. TERM. ELETR. - COMMERCIALE-SERRAS;9;APELIDO;;;;;;;;;;;;;;;;18/07/2025;23603,93;590,1;23013,83;0;0;23013,83
;;;;;;26470;MAQUINA DE SERRAR TUBO E PERFIS (SRA09) ;6;MÁQ EQUIP FABRICA - REAVAL                                  ;17-10;INTELLI IND. TERM. ELETR. - COMMERCIALE-SERRAS;9;APELIDO;;;;;;;;;;;;;;;;18/07/2025;23603,93;590,1;23013,83;0;0;23013,83
;;;;;;26471;MAQUINA DE SERRAR TUBO E PERFIS (SRA010) ;6;MÁQ EQUIP FABRICA - REAVAL                                  ;17-10;INTELLI IND. TERM. ELETR. - COMMERCIALE-SERRAS;9;APELIDO;;;;;;;;;;;;;;;;18/07/2025;23603,93;590,1;23013,83;0;0;23013,83
;;;;;;26472;FURADEIRA PRESILHA DO TPAM 50  ( FUR072) ;6;MÁQ EQUIP FABRICA - REAVAL                                  ;17-6;INTELLI IND. TERM. ELETR. - COMMERCIALE-TREFILA;9;APELIDO;;;;;;;;;;;;;;;;18/07/2025;51417,52;0;51417,52;0;0;51417,52
;;;;;;26473;MAQUINA DE FURA PRESILHA DO TPAM 70 ;6;MÁQ EQUIP FABRICA - REAVAL                                  ;17-6;INTELLI IND. TERM. ELETR. - COMMERCIALE-TREFILA;9;APELIDO;;;;;;;;;;;;;;;;18/07/2025;51709,98;1292,76;50417,22;0;0;50417,22
NOVO;90268;LEITOR CÓDIGO DE BARRAS LASER USB LI180 ;84719012       ;;;26474;LEITOR CÓDIGO DE BARRAS LASER USB LI180 ;1;EQUIPAMENTOS DE INFORMÁTICA                                 ;11-17;INTELLI IND.TERM.ELETR.LTDA - MATRIZ-TECNOLOGIA DA INFORM. E COMUNIC. T.I.C.;9;APELIDO;7075762/0001-04;GUSTAVO MANTOVANI NASCIMENTO - ME                           ;18137;72;1;35250607075762000104550010000181371245809720      ;10;219;2190;2190;0;0;0;25/06/2025;18/07/2025;18/07/2025;219;10,95;208,05;0;0;208,05
NOVO;90268;LEITOR CÓDIGO DE BARRAS LASER USB LI180 ;84719012       ;;;26475;LEITOR CÓDIGO DE BARRAS LASER USB LI180 ;1;EQUIPAMENTOS DE INFORMÁTICA                                 ;11-17;INTELLI IND.TERM.ELETR.LTDA - MATRIZ-TECNOLOGIA DA INFORM. E COMUNIC. T.I.C.;9;APELIDO;7075762/0001-04;GUSTAVO MANTOVANI NASCIMENTO - ME                           ;18137;72;1;35250607075762000104550010000181371245809720      ;10;219;2190;2190;0;0;0;25/06/2025;18/07/2025;18/07/2025;219;10,95;208,05;0;0;208,05
NOVO;90268;LEITOR CÓDIGO DE BARRAS LASER USB LI180 ;84719012       ;;;26476;LEITOR CÓDIGO DE BARRAS LASER USB LI180 ;1;EQUIPAMENTOS DE INFORMÁTICA                                 ;11-17;INTELLI IND.TERM.ELETR.LTDA - MATRIZ-TECNOLOGIA DA INFORM. E COMUNIC. T.I.C.;9;APELIDO;7075762/0001-04;GUSTAVO MANTOVANI NASCIMENTO - ME                           ;18137;72;1;35250607075762000104550010000181371245809720      ;10;219;2190;2190;0;0;0;25/06/2025;18/07/2025;18/07/2025;219;10,95;208,05;0;0;208,05
NOVO;90268;LEITOR CÓDIGO DE BARRAS LASER USB LI180 ;84719012       ;;;26477;LEITOR CÓDIGO DE BARRAS LASER USB LI180 ;1;EQUIPAMENTOS DE INFORMÁTICA                                 ;11-17;INTELLI IND.TERM.ELETR.LTDA - MATRIZ-TECNOLOGIA DA INFORM. E COMUNIC. T.I.C.;9;APELIDO;7075762/0001-04;GUSTAVO MANTOVANI NASCIMENTO - ME                           ;18137;72;1;35250607075762000104550010000181371245809720      ;10;219;2190;2190;0;0;0;25/06/2025;18/07/2025;18/07/2025;219;10,95;208,05;0;0;208,05
NOVO;90268;LEITOR CÓDIGO DE BARRAS LASER USB LI180 ;84719012       ;;;26478;LEITOR CÓDIGO DE BARRAS LASER USB LI180 ;1;EQUIPAMENTOS DE INFORMÁTICA                                 ;11-17;INTELLI IND.TERM.ELETR.LTDA - MATRIZ-TECNOLOGIA DA INFORM. E COMUNIC. T.I.C.;9;APELIDO;7075762/0001-04;GUSTAVO MANTOVANI NASCIMENTO - ME                           ;18137;72;1;35250607075762000104550010000181371245809720      ;10;219;2190;2190;0;0;0;25/06/2025;18/07/2025;18/07/2025;219;10,95;208,05;0;0;208,05
NOVO;90268;LEITOR CÓDIGO DE BARRAS LASER USB LI180 ;84719012       ;;;26479;LEITOR CÓDIGO DE BARRAS LASER USB LI180 ;1;EQUIPAMENTOS DE INFORMÁTICA                                 ;11-17;INTELLI IND.TERM.ELETR.LTDA - MATRIZ-TECNOLOGIA DA INFORM. E COMUNIC. T.I.C.;9;APELIDO;7075762/0001-04;GUSTAVO MANTOVANI NASCIMENTO - ME                           ;18137;72;1;35250607075762000104550010000181371245809720      ;10;219;2190;2190;0;0;0;25/06/2025;18/07/2025;18/07/2025;219;10,95;208,05;0;0;208,05
NOVO;90268;LEITOR CÓDIGO DE BARRAS LASER USB LI180 ;84719012       ;;;26480;LEITOR CÓDIGO DE BARRAS LASER USB LI180 ;1;EQUIPAMENTOS DE INFORMÁTICA                                 ;11-17;INTELLI IND.TERM.ELETR.LTDA - MATRIZ-TECNOLOGIA DA INFORM. E COMUNIC. T.I.C.;9;APELIDO;7075762/0001-04;GUSTAVO MANTOVANI NASCIMENTO - ME                           ;18137;72;1;35250607075762000104550010000181371245809720      ;10;219;2190;2190;0;0;0;25/06/2025;18/07/2025;18/07/2025;219;10,95;208,05;0;0;208,05
NOVO;90268;LEITOR CÓDIGO DE BARRAS LASER USB LI180 ;84719012       ;;;26481;LEITOR CÓDIGO DE BARRAS LASER USB LI180 ;1;EQUIPAMENTOS DE INFORMÁTICA                                 ;11-17;INTELLI IND.TERM.ELETR.LTDA - MATRIZ-TECNOLOGIA DA INFORM. E COMUNIC. T.I.C.;9;APELIDO;7075762/0001-04;GUSTAVO MANTOVANI NASCIMENTO - ME                           ;18137;72;1;35250607075762000104550010000181371245809720      ;10;219;2190;2190;0;0;0;25/06/2025;18/07/2025;18/07/2025;219;10,95;208,05;0;0;208,05
NOVO;90268;LEITOR CÓDIGO DE BARRAS LASER USB LI180 ;84719012       ;;;26482;LEITOR CÓDIGO DE BARRAS LASER USB LI180 ;1;EQUIPAMENTOS DE INFORMÁTICA                                 ;11-17;INTELLI IND.TERM.ELETR.LTDA - MATRIZ-TECNOLOGIA DA INFORM. E COMUNIC. T.I.C.;9;APELIDO;7075762/0001-04;GUSTAVO MANTOVANI NASCIMENTO - ME                           ;18137;72;1;35250607075762000104550010000181371245809720      ;10;219;2190;2190;0;0;0;25/06/2025;18/07/2025;18/07/2025;219;10,95;208,05;0;0;208,05
NOVO;90268;LEITOR CÓDIGO DE BARRAS LASER USB LI180 ;84719012       ;;;26483;LEITOR CÓDIGO DE BARRAS LASER USB LI180 ;1;EQUIPAMENTOS DE INFORMÁTICA                                 ;11-17;INTELLI IND.TERM.ELETR.LTDA - MATRIZ-TECNOLOGIA DA INFORM. E COMUNIC. T.I.C.;9;APELIDO;7075762/0001-04;GUSTAVO MANTOVANI NASCIMENTO - ME                           ;18137;72;1;35250607075762000104550010000181371245809720      ;10;219;2190;2190;0;0;0;25/06/2025;18/07/2025;18/07/2025;219;10,95;208,05;0;0;208,05
NOVO;134448;ARMARIO DE AÇO CONFORME DESENHO         ;94031000       ;;;26484;RMARIO DE AÇO CONFORME DESENHO ;7;MÓVEIS E UTENSÍLIOS                                         ;11-24;INTELLI IND.TERM.ELETR.LTDA - MATRIZ-FERRAMENTARIA;9;APELIDO;31860004/0001-73;WILLIAM BONETTI CARVALHO LTDA                               ;38;72;1;35250631860004000173550010000000381507199507      ;1;4800;4800;4800;0;0;0;25/06/2025;18/07/2025;18/07/2025;4800;120;4680;0;0;4680
NOVO;18592;MORSA No. 05                            ;82057000       ;;;26485;MORSA No. 05 ;2;FERRAMENTAS                                                 ;11-24;INTELLI IND.TERM.ELETR.LTDA - MATRIZ-FERRAMENTARIA;9;APELIDO;66185133/0001-98;ORLASOLDA COMERCIO DE EQUIPAMENTOS E SOLDAS LTDA.           ;200262;72;1;35250666185133000198550010002002621061939528      ;1;213;213;213;0;0;0;26/06/2025;18/07/2025;18/07/2025;193,3;4,83;188,47;0;0;188,47
NOVO;115297;TECLADO DELL                            ;84716052       ;;;26486;DELL OPTPLEX SMALL DSKTP. 7020, i5/16G COM TECLADO E MOUSE ;1;EQUIPAMENTOS DE INFORMÁTICA                                 ;11-17;INTELLI IND.TERM.ELETR.LTDA - MATRIZ-TECNOLOGIA DA INFORM. E COMUNIC. T.I.C.;9;APELIDO;72381189/0010-01;DELL COMPUTADORES DO BRASIL LTDA.                           ;7771928;72;3;35250672381189001001550010077719281799269020      ;4;53,735;214,94;235,89;235,89;12;28,31;26/06/2025;18/07/2025;18/07/2025;5058,21;252,9;4805,31;0;0;4805,31
NOVO;115297;TECLADO DELL                            ;84716052       ;;;26487;DELL OPTPLEX SMALL DSKTP. 7020, i5/16G COM TECLADO E MOUSE ;1;EQUIPAMENTOS DE INFORMÁTICA                                 ;11-17;INTELLI IND.TERM.ELETR.LTDA - MATRIZ-TECNOLOGIA DA INFORM. E COMUNIC. T.I.C.;9;APELIDO;72381189/0010-01;DELL COMPUTADORES DO BRASIL LTDA.                           ;7771928;72;3;35250672381189001001550010077719281799269020      ;4;53,735;214,94;235,89;235,89;12;28,31;26/06/2025;18/07/2025;18/07/2025;5058,21;252,9;4805,31;0;0;4805,31
NOVO;115297;TECLADO DELL                            ;84716052       ;;;26488;DELL OPTPLEX SMALL DSKTP. 7020, i5/16G COM TECLADO E MOUSE ;1;EQUIPAMENTOS DE INFORMÁTICA                                 ;11-17;INTELLI IND.TERM.ELETR.LTDA - MATRIZ-TECNOLOGIA DA INFORM. E COMUNIC. T.I.C.;9;APELIDO;72381189/0010-01;DELL COMPUTADORES DO BRASIL LTDA.                           ;7771928;72;3;35250672381189001001550010077719281799269020      ;4;53,735;214,94;235,89;235,89;12;28,31;26/06/2025;18/07/2025;18/07/2025;5058,21;252,9;4805,31;0;0;4805,31
NOVO;115297;TECLADO DELL                            ;84716052       ;;;26489;DELL OPTPLEX SMALL DSKTP. 7020, i5/16G COM TECLADO E MOUSE ;1;EQUIPAMENTOS DE INFORMÁTICA                                 ;11-17;INTELLI IND.TERM.ELETR.LTDA - MATRIZ-TECNOLOGIA DA INFORM. E COMUNIC. T.I.C.;9;APELIDO;72381189/0010-01;DELL COMPUTADORES DO BRASIL LTDA.                           ;7771928;72;3;35250672381189001001550010077719281799269020      ;4;53,735;214,94;235,89;235,89;12;28,31;26/06/2025;18/07/2025;18/07/2025;5058,21;252,9;4805,31;0;0;4805,31
NOVO;115297;TECLADO DELL                            ;84716052       ;;;26490;MICROCOMPUTADOR DELL OPTIPLEX 7010 ;1;EQUIPAMENTOS DE INFORMÁTICA                                 ;11-17;INTELLI IND.TERM.ELETR.LTDA - MATRIZ-TECNOLOGIA DA INFORM. E COMUNIC. T.I.C.;9;APELIDO;72381189/0010-01;DELL COMPUTADORES DO BRASIL LTDA.                           ;7772121;72;3;35250672381189001001550010077721211256973931      ;6;48,0233;288,14;316,23;316,23;12;37,95;26/06/2025;18/07/2025;18/07/2025;5588,66;279,42;5309,24;0;0;5309,24
NOVO;115297;TECLADO DELL                            ;84716052       ;;;26491;MICROCOMPUTADOR DELL OPTIPLEX 7010 ;1;EQUIPAMENTOS DE INFORMÁTICA                                 ;11-17;INTELLI IND.TERM.ELETR.LTDA - MATRIZ-TECNOLOGIA DA INFORM. E COMUNIC. T.I.C.;9;APELIDO;72381189/0010-01;DELL COMPUTADORES DO BRASIL LTDA.                           ;7772121;72;3;35250672381189001001550010077721211256973931      ;6;48,0233;288,14;316,23;316,23;12;37,95;26/06/2025;18/07/2025;18/07/2025;5588,66;279,42;5309,24;0;0;5309,24
NOVO;115297;TECLADO DELL                            ;84716052       ;;;26492;MICROCOMPUTADOR DELL OPTIPLEX 7010 ;1;EQUIPAMENTOS DE INFORMÁTICA                                 ;11-17;INTELLI IND.TERM.ELETR.LTDA - MATRIZ-TECNOLOGIA DA INFORM. E COMUNIC. T.I.C.;9;APELIDO;72381189/0010-01;DELL COMPUTADORES DO BRASIL LTDA.                           ;7772121;72;3;35250672381189001001550010077721211256973931      ;6;48,0233;288,14;316,23;316,23;12;37,95;26/06/2025;18/07/2025;18/07/2025;5588,66;279,42;5309,24;0;0;5309,24
NOVO;115297;TECLADO DELL                            ;84716052       ;;;26493;MICROCOMPUTADOR DELL OPTIPLEX 7010 ;1;EQUIPAMENTOS DE INFORMÁTICA                                 ;11-17;INTELLI IND.TERM.ELETR.LTDA - MATRIZ-TECNOLOGIA DA INFORM. E COMUNIC. T.I.C.;9;APELIDO;72381189/0010-01;DELL COMPUTADORES DO BRASIL LTDA.                           ;7772121;72;3;35250672381189001001550010077721211256973931      ;6;48,0233;288,14;316,23;316,23;12;37,95;26/06/2025;18/07/2025;18/07/2025;5588,66;279,42;5309,24;0;0;5309,24
NOVO;115297;TECLADO DELL                            ;84716052       ;;;26494;MICROCOMPUTADOR DELL OPTIPLEX 7010 ;1;EQUIPAMENTOS DE INFORMÁTICA                                 ;11-17;INTELLI IND.TERM.ELETR.LTDA - MATRIZ-TECNOLOGIA DA INFORM. E COMUNIC. T.I.C.;9;APELIDO;72381189/0010-01;DELL COMPUTADORES DO BRASIL LTDA.                           ;7772121;72;3;35250672381189001001550010077721211256973931      ;6;48,0233;288,14;316,23;316,23;12;37,95;26/06/2025;18/07/2025;18/07/2025;5588,66;279,42;5309,24;0;0;5309,24
NOVO;115297;TECLADO DELL                            ;84716052       ;;;26495;MICROCOMPUTADOR DELL OPTIPLEX 7010 ;1;EQUIPAMENTOS DE INFORMÁTICA                                 ;11-17;INTELLI IND.TERM.ELETR.LTDA - MATRIZ-TECNOLOGIA DA INFORM. E COMUNIC. T.I.C.;9;APELIDO;72381189/0010-01;DELL COMPUTADORES DO BRASIL LTDA.                           ;7772121;72;3;35250672381189001001550010077721211256973931      ;6;48,0233;288,14;316,23;316,23;12;37,95;26/06/2025;18/07/2025;18/07/2025;5588,66;279,42;5309,24;0;0;5309,24
NOVO;115297;TECLADO DELL                            ;84716052       ;;;26496;DELL OPTPLEX SMALL DSKTP. 7020, i5/16G COM TECLADO E MOUSE ;1;EQUIPAMENTOS DE INFORMÁTICA                                 ;11-17;INTELLI IND.TERM.ELETR.LTDA - MATRIZ-TECNOLOGIA DA INFORM. E COMUNIC. T.I.C.;9;APELIDO;72381189/0010-01;DELL COMPUTADORES DO BRASIL LTDA.                           ;7778550;72;3;35250672381189001001550010077785501570869115      ;2;50,2;100,4;110,18;110,18;12;13,22;30/06/2025;18/07/2025;18/07/2025;5870,45;293,52;5576,93;0;0;5576,93
NOVO;115297;TECLADO DELL                            ;84716052       ;;;26497;DELL OPTPLEX SMALL DSKTP. 7020, i5/16G COM TECLADO E MOUSE ;1;EQUIPAMENTOS DE INFORMÁTICA                                 ;11-17;INTELLI IND.TERM.ELETR.LTDA - MATRIZ-TECNOLOGIA DA INFORM. E COMUNIC. T.I.C.;9;APELIDO;72381189/0010-01;DELL COMPUTADORES DO BRASIL LTDA.                           ;7778550;72;3;35250672381189001001550010077785501570869115      ;2;50,2;100,4;110,18;110,18;12;13,22;30/06/2025;18/07/2025;18/07/2025;5870,45;293,52;5576,93;0;0;5576,93
NOVO;851521;MAQUINA SOLDAR TOPO MOD. MA 220V 60HZ   ;85153900       ;;;26498;MAQUINA SOLDAR TOPO MOD. MA 220V 60HZ ;6;MÁQ EQUIP FABRICA - REAVAL                                  ;14-15;INTELLI IND.TERM.ELETR.LTDA MULTIPLEX-MULTIPLEX 1;9;APELIDO;2558244/0001-10;SUPER-WELD EQUIPAMENTOS DE SOLDAS LTDA                      ;1824;72;1;35250702558244000110550010000018241004309660      ;1;60646;60646;60646;60646;2;1212,92;03/07/2025;18/07/2025;18/07/2025;53823,32;1345,59;52477,73;0;0;52477,73
NOVO;66491;CONJUNTO ESTOFADO DIRETOR               ;99999999       ;;;26499;CONJUNTO DE ESTOFADO DIRETOR ;7;MÓVEIS E UTENSÍLIOS                                         ;11-16;INTELLI IND.TERM.ELETR.LTDA - MATRIZ-FINANCEIRO;9;APELIDO;12259056/0001-44;DANILO BELATO - ME                                          ;4780;72;1;35250612259056000144550010000047801752157539      ;2;220;440;440;0;0;0;26/06/2025;18/07/2025;18/07/2025;220;5,49;214,51;0;0;214,51
NOVO;66491;CONJUNTO ESTOFADO DIRETOR               ;99999999       ;;;26500;CONJUNTO DE ESTOFADO DIRETOR ;7;MÓVEIS E UTENSÍLIOS                                         ;11-16;INTELLI IND.TERM.ELETR.LTDA - MATRIZ-FINANCEIRO;9;APELIDO;12259056/0001-44;DANILO BELATO - ME                                          ;4780;72;1;35250612259056000144550010000047801752157539      ;2;220;440;440;0;0;0;26/06/2025;18/07/2025;18/07/2025;220;5,49;214,51;0;0;214,51
NOVO;59072;DIRETOR SKY TUBO 7 8 PAREDE 1 20 PRETA  ;99999999       ;;;26501;DIRETOR SKY TUBO 7 8 PAREDE 1 20 PRETA E BRAÇO FIXO CORSA ;7;MÓVEIS E UTENSÍLIOS                                         ;11-16;INTELLI IND.TERM.ELETR.LTDA - MATRIZ-FINANCEIRO;9;APELIDO;12259056/0001-44;DANILO BELATO - ME                                          ;4780;72;2;35250612259056000144550010000047801752157539      ;2;100;200;200;0;0;0;26/06/2025;18/07/2025;18/07/2025;160,8;4,02;156,78;0;0;156,78
NOVO;59072;DIRETOR SKY TUBO 7 8 PAREDE 1 20 PRETA  ;99999999       ;;;26502;DIRETOR SKY TUBO 7 8 PAREDE 1 20 PRETA E BRAÇO FIXO CORSA ;7;MÓVEIS E UTENSÍLIOS                                         ;11-16;INTELLI IND.TERM.ELETR.LTDA - MATRIZ-FINANCEIRO;9;APELIDO;12259056/0001-44;DANILO BELATO - ME                                          ;4780;72;2;35250612259056000144550010000047801752157539      ;2;100;200;200;0;0;0;26/06/2025;18/07/2025;18/07/2025;160;3,99;156,01;0;0;156,01
NOVO;59835;KIT BASE ERGONOMICA                     ;99999999       ;;;26503;KIT BASE ERGONOMICA ;7;MÓVEIS E UTENSÍLIOS                                         ;11-7;INTELLI IND.TERM.ELETR.LTDA - MATRIZ-ASSESSORIA JURÍDICA;9;APELIDO;12259056/0001-44;DANILO BELATO - ME                                          ;4781;72;1;35250612259056000144550010000047811180113156      ;1;540;540;540;0;0;0;26/06/2025;18/07/2025;18/07/2025;540;13,5;526,5;0;0;526,5
NOVO;66110;MAQUINA SOLDA A FRIO J3-B               ;84688010       ;;;26504;MAQUINA SOLDA A FRIO J3-B ;6;MÁQ EQUIP FABRICA - REAVAL                                  ;14-18;INTELLI IND.TERM.ELETR.LTDA MULTIPLEX-MULTIPLEX 2;9;APELIDO;9356272/0001-01;UEFA COMERCIAL LTDA EPP                                     ;18042;72;1;35250709356272000101550010000180421000180390      ;1;9675;9675;9675;4730,11;18;851,42;16/07/2025;18/07/2025;18/07/2025;7928,64;198,21;7730,43;0;0;7730,43
NOVO;446000;APONTADOR DE VERGALHÃO                  ;84798999       ;;;26505;APONTADOR PARA VERGALHÃO ;6;MÁQ EQUIP FABRICA - REAVAL                                  ;14-15;INTELLI IND.TERM.ELETR.LTDA MULTIPLEX-MULTIPLEX 1;9;APELIDO;9356272/0001-01;UEFA COMERCIAL LTDA EPP                                     ;18043;72;1;35250709356272000101550010000180431000180400      ;1;43000;43000;43000;21022,7;18;3784,09;16/07/2025;18/07/2025;18/07/2025;35238,41;880,95;34357,46;0;0;34357,46
NOVO;38647;TERMOHIGROMETRO TFA                     ;90173020       ;;;26506;TERMOHIGROMETRO TFA ;5;MÁQ EQUIP LABORATÓRIO - REAVAL                              ;14-11;INTELLI IND.TERM.ELETR.LTDA MULTIPLEX-SGI - SIST GESTÃO INTEGRADO;9;APELIDO;9353055/0001-50;TECNOFERRAMENTAS COMERCIAL, IMPORTAÇÃO E EXPORTAÇÃO LTDA    ;162634;65;1;35250609353055000150550000001626341002506994      ;2;863;1726;1726;0;0;0;25/06/2025;21/07/2025;21/07/2025;783,17;19,59;763,58;0;0;763,58
NOVO;38647;TERMOHIGROMETRO TFA                     ;90173020       ;;;26507;TERMOHIGROMETRO TFA ;5;MÁQ EQUIP LABORATÓRIO - REAVAL                              ;14-11;INTELLI IND.TERM.ELETR.LTDA MULTIPLEX-SGI - SIST GESTÃO INTEGRADO;9;APELIDO;9353055/0001-50;TECNOFERRAMENTAS COMERCIAL, IMPORTAÇÃO E EXPORTAÇÃO LTDA    ;162634;65;1;35250609353055000150550000001626341002506994      ;2;863;1726;1726;0;0;0;25/06/2025;21/07/2025;21/07/2025;783,17;19,59;763,58;0;0;763,58
NOVO;38647;TERMOHIGROMETRO TFA                     ;90173020       ;;;26508;MICROMETRO EXTERNO 0-25MM ;5;MÁQ EQUIP LABORATÓRIO - REAVAL                              ;14-11;INTELLI IND.TERM.ELETR.LTDA MULTIPLEX-SGI - SIST GESTÃO INTEGRADO;9;APELIDO;9353055/0001-50;TECNOFERRAMENTAS COMERCIAL, IMPORTAÇÃO E EXPORTAÇÃO LTDA    ;162634;65;1;35250609353055000150550000001626341002506994      ;2;863;1726;1726;0;0;0;25/06/2025;21/07/2025;21/07/2025;1128,91;28,23;1100,68;0;0;1100,68
NOVO;38647;TERMOHIGROMETRO TFA                     ;90173020       ;;;26509;MICROMETRO EXTERNO 0-25MM ;5;MÁQ EQUIP LABORATÓRIO - REAVAL                              ;14-11;INTELLI IND.TERM.ELETR.LTDA MULTIPLEX-SGI - SIST GESTÃO INTEGRADO;9;APELIDO;9353055/0001-50;TECNOFERRAMENTAS COMERCIAL, IMPORTAÇÃO E EXPORTAÇÃO LTDA    ;162634;65;1;35250609353055000150550000001626341002506994      ;2;863;1726;1726;0;0;0;25/06/2025;21/07/2025;21/07/2025;1128,92;28,23;1100,69;0;0;1100,69
NOVO;38647;TERMOHIGROMETRO TFA                     ;90258000       ;;;26510;TERMOHIGROMETRO TFA ;5;MÁQ EQUIP LABORATÓRIO - REAVAL                              ;14-11;INTELLI IND.TERM.ELETR.LTDA MULTIPLEX-SGI - SIST GESTÃO INTEGRADO;9;APELIDO;9353055/0001-50;TECNOFERRAMENTAS COMERCIAL, IMPORTAÇÃO E EXPORTAÇÃO LTDA    ;162634;65;3;35250609353055000150550000001626341002506994      ;2;138;276;302,91;302,91;12;36,35;25/06/2025;21/07/2025;21/07/2025;120,52;3;117,52;0;0;117,52
NOVO;38647;TERMOHIGROMETRO TFA                     ;90258000       ;;;26511;TERMOHIGROMETRO TFA ;5;MÁQ EQUIP LABORATÓRIO - REAVAL                              ;14-11;INTELLI IND.TERM.ELETR.LTDA MULTIPLEX-SGI - SIST GESTÃO INTEGRADO;9;APELIDO;9353055/0001-50;TECNOFERRAMENTAS COMERCIAL, IMPORTAÇÃO E EXPORTAÇÃO LTDA    ;162634;65;3;35250609353055000150550000001626341002506994      ;2;138;276;302,91;302,91;12;36,35;25/06/2025;21/07/2025;21/07/2025;120,52;3;117,52;0;0;117,52
NOVO;846720;"PARAFUSADEIRA DEWALT 1/2"" 20VDC D7781BB3";84672992       ;;;26512;"PARAFUSADEIRA DEWALT 1/2"" 20VDC D7781BB3 ";2;FERRAMENTAS                                                 ;16-2;INTELLI IND. TERM. ELETR. - MONTAGGIO-LINHA DE EMBALAGEM;9;APELIDO;66185133/0001-98;ORLASOLDA COMERCIO DE EQUIPAMENTOS E SOLDAS LTDA.           ;200302;72;1;35250666185133000198550010002003021174197184      ;1;1280;1280;1280;0;0;0;27/06/2025;21/07/2025;21/07/2025;1161,6;29,04;1132,56;0;0;1132,56
NOVO;48790;VENTILADOR PAREDE 60CM BIVOLT           ;84145990       ;;;26513;VENTILADOR PAREDE 60CM BIVOLT ;7;MÓVEIS E UTENSÍLIOS                                         ;15-12;INTELLI IND. TERM. ELETR. - ALCOBI-ALMOXARIFADO;9;APELIDO;5590919/0001-04;D. JARRETA CONSTRUCOES                                      ;21838;72;1;35250605590919000104550010000218381693629838      ;2;430;860;860;0;0;0;27/06/2025;22/07/2025;22/07/2025;430;10,74;419,26;0;0;419,26
NOVO;48790;VENTILADOR PAREDE 60CM BIVOLT           ;84145990       ;;;26514;VENTILADOR PAREDE 60CM BIVOLT ;7;MÓVEIS E UTENSÍLIOS                                         ;15-12;INTELLI IND. TERM. ELETR. - ALCOBI-ALMOXARIFADO;9;APELIDO;5590919/0001-04;D. JARRETA CONSTRUCOES                                      ;21838;72;1;35250605590919000104550010000218381693629838      ;2;430;860;860;0;0;0;27/06/2025;22/07/2025;22/07/2025;430;10,74;419,26;0;0;419,26
NOVO;84455;PALETEIRA HIDRAULICA MANUAL CAP. 3000 KG;84279000       ;;;26515;PALETEIRA HIDRAULICA MANUAL CAP. 3000 KG ;6;MÁQ EQUIP FABRICA - REAVAL                                  ;14-18;INTELLI IND.TERM.ELETR.LTDA MULTIPLEX-MULTIPLEX 2;9;APELIDO;565813/0001-29;ANHANGUERA COMERCIO DE FERRAMENTAS LTDA.                    ;1422960;74;1;35250700565813000129550030014229601126302207      ;1;1904,65;1904,65;1904,65;1396,68;12;167,6;08/07/2025;22/07/2025;22/07/2025;1560,87;39,03;1521,84;0;0;1521,84
NOVO;105272;KIT 6 RADIOS WALKTALK BOAFENG 777S      ;85272900       ;;;26516;KIT 6 RADIOS WALKTALK BOAFENG 777S ;7;MÓVEIS E UTENSÍLIOS                                         ;14-15;INTELLI IND.TERM.ELETR.LTDA MULTIPLEX-MULTIPLEX 1;9;APELIDO;24318218/0001-57;WM AUTOMACAO & EQUIPAMENTOS LTDA.                           ;3565;72;1;35250724318218000157550010000035651043277001      ;2;438,68;877,36;877,36;0;0;0;01/07/2025;23/07/2025;23/07/2025;438,68;10,98;427,7;0;0;427,7
NOVO;105272;KIT 6 RADIOS WALKTALK BOAFENG 777S      ;85272900       ;;;26517;KIT 6 RADIOS WALKTALK BOAFENG 777S ;7;MÓVEIS E UTENSÍLIOS                                         ;14-15;INTELLI IND.TERM.ELETR.LTDA MULTIPLEX-MULTIPLEX 1;9;APELIDO;24318218/0001-57;WM AUTOMACAO & EQUIPAMENTOS LTDA.                           ;3565;72;1;35250724318218000157550010000035651043277001      ;2;438,68;877,36;877,36;0;0;0;01/07/2025;23/07/2025;23/07/2025;438,68;10,98;427,7;0;0;427,7
NOVO;902710;DETECTOR DE GAS MICROCLIP XL ( VER OBS );90271000       ;;;26518;DETECTOR DE GAS MICROCLIP XL ;2;FERRAMENTAS                                                 ;14-21;INTELLI IND.TERM.ELETR.LTDA MULTIPLEX-SEGURANÇA DO TRABALHO;9;APELIDO;11162952/0001-28;KEBOS JN TREINAMENTO EM SEG. DO TRABALHO E M. AMBIENTE LTDA ;9465;72;1;35250711162952000128550010000094651643250460      ;1;4297;4297;4297;4297;12;515,64;07/07/2025;23/07/2025;23/07/2025;3383,89;84,6;3299,29;0;0;3299,29
NOVO;16679;MORSA DE BANCADA NR.8                   ;82057000       ;;;26519;MORSA DE BANCADA NR.8 ;2;FERRAMENTAS                                                 ;11-8;INTELLI IND.TERM.ELETR.LTDA - MATRIZ-CONTROLE DE QUALIDADE;9;APELIDO;565813/0001-29;ANHANGUERA COMERCIO DE FERRAMENTAS LTDA.                    ;1428085;74;1;35250700565813000129550030014280851210203297      ;1;323,66;323,66;323,66;0;0;0;18/07/2025;24/07/2025;24/07/2025;293,72;7,35;286,37;0;0;286,37
NOVO;317;BANCADA DE AÇO                          ;84389000       ;;;26520;BANCADA DE AÇO ;7;MÓVEIS E UTENSÍLIOS                                         ;11-24;INTELLI IND.TERM.ELETR.LTDA - MATRIZ-FERRAMENTARIA;9;APELIDO;31860004/0001-73;WILLIAM BONETTI CARVALHO LTDA                               ;42;72;1;35250731860004000173550010000000421031000852      ;1;2300;2300;2300;0;0;0;22/07/2025;24/07/2025;24/07/2025;2300;57,51;2242,49;0;0;2242,49
NOVO;132715;MAQUINA TORCAO RIGIDA JLK 630 6+12      ;84794000       ;;;26522;MAQUINA TORCAO RIGIDA JLK 630 6+12 ;6;MÁQ EQUIP FABRICA - REAVAL                                  ;14-18;INTELLI IND.TERM.ELETR.LTDA MULTIPLEX-MULTIPLEX 2;9;APELIDO;0/0000-00;S&A INTERNATIONAL TRADING CO., LIMITED                      ;624285;0;1;35241146754545000194550000006242851202411261      ;1;1852753;1852753;1852753;1377903,42;18;248022,61;08/11/2024;24/07/2025;24/07/2025;2097293,58;52432,35;2044861,23;0;0;2044861,23
NOVO;36397;DESPESAS DIVERSAS                       ;99999999       ;;;26523;PROCESSADOR INTEL CORE i9-14900K (COMPUTADOR COMPLETO ;1;EQUIPAMENTOS DE INFORMÁTICA                                 ;11-17;INTELLI IND.TERM.ELETR.LTDA - MATRIZ-TECNOLOGIA DA INFORM. E COMUNIC. T.I.C.;9;APELIDO;83064741/0005-97;PAUTA DISTRIBUICAO E LOGISTICA S.A.                         ;621279;108;9;42250683064741000597550110006212791909944684      ;1;45,05;45,05;45,05;0;0;0;26/06/2025;18/07/2025;18/07/2025;8437;421,86;8015,14;0;0;8015,14
NOVO;134855;DUROMETRO PORT DIGITAL DIGIMESS 400.130 ;90241020       ;;;26524;DUROMETRO PORTATIL DIGITAL LEEB CONVERSÃO HRB HRC HB HV E HS EXTATIDÃO 10 HLD;5;MÁQ EQUIP LABORATÓRIO - REAVAL                              ;11-8;INTELLI IND.TERM.ELETR.LTDA - MATRIZ-CONTROLE DE QUALIDADE;9;APELIDO;9353055/0001-50;TECNOFERRAMENTAS COMERCIAL, IMPORTAÇÃO E EXPORTAÇÃO LTDA    ;162092;65;1;35250609353055000150550000001620921002500601      ;1;8632,99;8632,99;8632,99;8632,99;12;1035,96;13/06/2025;11/07/2025;11/07/2025;6798,48;169,95;6628,53;0;0;6628,53
NOVO;135648;MARTELO VIBRADOR PNEUMÁTICO DE IMPACTO  ;84798999       ;;;26525;MARTELO VIBRADOR PNEUMÁTICO DE IMPACTO ;2;FERRAMENTAS                                                 ;11-24;INTELLI IND.TERM.ELETR.LTDA - MATRIZ-FERRAMENTARIA;9;APELIDO;4278870/0001-88;M.V.L. MAQUINAS VIBRATORIAS LTDA.                           ;35829;72;1;35250704278870000188550010000358291711613001      ;2;1380;2760;2760;1349,36;18;242,88;02/07/2025;25/07/2025;25/07/2025;2261,82;56,55;2205,27;0;0;2205,27
NOVO;136727;BALCÃO CHAPA                            ;73089010       ;;;26526;BALCÃO CHAPA ;7;MÓVEIS E UTENSÍLIOS                                         ;14-8;INTELLI IND.TERM.ELETR.LTDA MULTIPLEX-PATRIMÔNIO;9;APELIDO;12347781/0001-74;EDSON ALVES MACHADO                                         ;14;72;1;35250712347781000174550010000000141580861715      ;1;3200;3200;3200;0;0;0;17/07/2025;25/07/2025;25/07/2025;3200;80,01;3119,99;0;0;3119,99
NOVO;115122;LAMINADORA DE ROSCA ZB-30               ;84553010       ;;;26527;LAMINADORA DE ROSCA ZOBOR-30 ;6;MÁQ EQUIP FABRICA - REAVAL                                  ;11-24;INTELLI IND.TERM.ELETR.LTDA - MATRIZ-FERRAMENTARIA;9;APELIDO;10301628/0001-80;DANILLO CRISTINO DA SILVA SERVIÇOS E PEÇAS ME               ;2105;72;1;35230310301628000180550010000021051815917983      ;1;20000;20000;20000;0;0;0;08/03/2023;28/07/2025;25/07/2025;18150;453,75;17696,25;0;0;17696,25
NOVO;54317;CAIXA METALICA PEQUENA 800x560x400MM    ;73090090       ;;;26530;CAIXA METALICA PEQUENA 800x560x400MM ;6;MÁQ EQUIP FABRICA - REAVAL                                  ;17-7;INTELLI IND. TERM. ELETR. - COMMERCIALE-INJETORA;9;APELIDO;10301112/0001-36;SONIA MARIA TROMBETTA VIEIRA E CIA LTDA - ME                ;461;72;1;35250710301112000136550010000004611898573838      ;10;1160;11600;11600;0;0;0;02/07/2025;29/07/2025;29/07/2025;1052,7;26,31;1026,39;0;0;1026,39
NOVO;54317;CAIXA METALICA PEQUENA 800x560x400MM    ;73090090       ;;;26531;CAIXA METALICA PEQUENA 800x560x400MM ;6;MÁQ EQUIP FABRICA - REAVAL                                  ;17-7;INTELLI IND. TERM. ELETR. - COMMERCIALE-INJETORA;9;APELIDO;10301112/0001-36;SONIA MARIA TROMBETTA VIEIRA E CIA LTDA - ME                ;461;72;1;35250710301112000136550010000004611898573838      ;10;1160;11600;11600;0;0;0;02/07/2025;29/07/2025;29/07/2025;1052,7;26,31;1026,39;0;0;1026,39
NOVO;54317;CAIXA METALICA PEQUENA 800x560x400MM    ;73090090       ;;;26532;CAIXA METALICA PEQUENA 800x560x400MM ;6;MÁQ EQUIP FABRICA - REAVAL                                  ;17-7;INTELLI IND. TERM. ELETR. - COMMERCIALE-INJETORA;9;APELIDO;10301112/0001-36;SONIA MARIA TROMBETTA VIEIRA E CIA LTDA - ME                ;461;72;1;35250710301112000136550010000004611898573838      ;10;1160;11600;11600;0;0;0;02/07/2025;29/07/2025;29/07/2025;1052,7;26,31;1026,39;0;0;1026,39
NOVO;54317;CAIXA METALICA PEQUENA 800x560x400MM    ;73090090       ;;;26533;CAIXA METALICA PEQUENA 800x560x400MM ;6;MÁQ EQUIP FABRICA - REAVAL                                  ;17-7;INTELLI IND. TERM. ELETR. - COMMERCIALE-INJETORA;9;APELIDO;10301112/0001-36;SONIA MARIA TROMBETTA VIEIRA E CIA LTDA - ME                ;461;72;1;35250710301112000136550010000004611898573838      ;10;1160;11600;11600;0;0;0;02/07/2025;29/07/2025;29/07/2025;1052,7;26,31;1026,39;0;0;1026,39
NOVO;54317;CAIXA METALICA PEQUENA 800x560x400MM    ;73090090       ;;;26534;CAIXA METALICA PEQUENA 800x560x400MM ;6;MÁQ EQUIP FABRICA - REAVAL                                  ;17-7;INTELLI IND. TERM. ELETR. - COMMERCIALE-INJETORA;9;APELIDO;10301112/0001-36;SONIA MARIA TROMBETTA VIEIRA E CIA LTDA - ME                ;461;72;1;35250710301112000136550010000004611898573838      ;10;1160;11600;11600;0;0;0;02/07/2025;29/07/2025;29/07/2025;1052,7;26,31;1026,39;0;0;1026,39
NOVO;54317;CAIXA METALICA PEQUENA 800x560x400MM    ;73090090       ;;;26535;CAIXA METALICA PEQUENA 800x560x400MM ;6;MÁQ EQUIP FABRICA - REAVAL                                  ;17-7;INTELLI IND. TERM. ELETR. - COMMERCIALE-INJETORA;9;APELIDO;10301112/0001-36;SONIA MARIA TROMBETTA VIEIRA E CIA LTDA - ME                ;461;72;1;35250710301112000136550010000004611898573838      ;10;1160;11600;11600;0;0;0;02/07/2025;29/07/2025;29/07/2025;1052,7;26,31;1026,39;0;0;1026,39
NOVO;54317;CAIXA METALICA PEQUENA 800x560x400MM    ;73090090       ;;;26536;CAIXA METALICA PEQUENA 800x560x400MM ;6;MÁQ EQUIP FABRICA - REAVAL                                  ;17-7;INTELLI IND. TERM. ELETR. - COMMERCIALE-INJETORA;9;APELIDO;10301112/0001-36;SONIA MARIA TROMBETTA VIEIRA E CIA LTDA - ME                ;461;72;1;35250710301112000136550010000004611898573838      ;10;1160;11600;11600;0;0;0;02/07/2025;29/07/2025;29/07/2025;1052,7;26,31;1026,39;0;0;1026,39
NOVO;54317;CAIXA METALICA PEQUENA 800x560x400MM    ;73090090       ;;;26537;CAIXA METALICA PEQUENA 800x560x400MM ;6;MÁQ EQUIP FABRICA - REAVAL                                  ;17-7;INTELLI IND. TERM. ELETR. - COMMERCIALE-INJETORA;9;APELIDO;10301112/0001-36;SONIA MARIA TROMBETTA VIEIRA E CIA LTDA - ME                ;461;72;1;35250710301112000136550010000004611898573838      ;10;1160;11600;11600;0;0;0;02/07/2025;29/07/2025;29/07/2025;1052,7;26,31;1026,39;0;0;1026,39
NOVO;54317;CAIXA METALICA PEQUENA 800x560x400MM    ;73090090       ;;;26538;CAIXA METALICA PEQUENA 800x560x400MM ;6;MÁQ EQUIP FABRICA - REAVAL                                  ;17-7;INTELLI IND. TERM. ELETR. - COMMERCIALE-INJETORA;9;APELIDO;10301112/0001-36;SONIA MARIA TROMBETTA VIEIRA E CIA LTDA - ME                ;461;72;1;35250710301112000136550010000004611898573838      ;10;1160;11600;11600;0;0;0;02/07/2025;29/07/2025;29/07/2025;1052,7;26,31;1026,39;0;0;1026,39
NOVO;54317;CAIXA METALICA PEQUENA 800x560x400MM    ;73090090       ;;;26539;CAIXA METALICA PEQUENA 800x560x400MM ;6;MÁQ EQUIP FABRICA - REAVAL                                  ;17-7;INTELLI IND. TERM. ELETR. - COMMERCIALE-INJETORA;9;APELIDO;10301112/0001-36;SONIA MARIA TROMBETTA VIEIRA E CIA LTDA - ME                ;461;72;1;35250710301112000136550010000004611898573838      ;10;1160;11600;11600;0;0;0;02/07/2025;29/07/2025;29/07/2025;1052,7;26,31;1026,39;0;0;1026,39
NOVO;14273;CAIXA METALICA 1000 x 800 x 600         ;73090090       ;;;26540;CAIXA METALICA 1000 x 800 x 600 ;6;MÁQ EQUIP FABRICA - REAVAL                                  ;17-7;INTELLI IND. TERM. ELETR. - COMMERCIALE-INJETORA;9;APELIDO;10301112/0001-36;SONIA MARIA TROMBETTA VIEIRA E CIA LTDA - ME                ;463;72;1;35250710301112000136550010000004631272223329      ;20;1710;34200;34200;0;0;0;03/07/2025;29/07/2025;29/07/2025;1551,82;38,79;1513,03;0;0;1513,03
NOVO;14273;CAIXA METALICA 1000 x 800 x 600         ;73090090       ;;;26541;CAIXA METALICA 1000 x 800 x 600 ;6;MÁQ EQUIP FABRICA - REAVAL                                  ;17-7;INTELLI IND. TERM. ELETR. - COMMERCIALE-INJETORA;9;APELIDO;10301112/0001-36;SONIA MARIA TROMBETTA VIEIRA E CIA LTDA - ME                ;463;72;1;35250710301112000136550010000004631272223329      ;20;1710;34200;34200;0;0;0;03/07/2025;29/07/2025;29/07/2025;1551,82;38,79;1513,03;0;0;1513,03
NOVO;14273;CAIXA METALICA 1000 x 800 x 600         ;73090090       ;;;26542;CAIXA METALICA 1000 x 800 x 600 ;6;MÁQ EQUIP FABRICA - REAVAL                                  ;17-7;INTELLI IND. TERM. ELETR. - COMMERCIALE-INJETORA;9;APELIDO;10301112/0001-36;SONIA MARIA TROMBETTA VIEIRA E CIA LTDA - ME                ;463;72;1;35250710301112000136550010000004631272223329      ;20;1710;34200;34200;0;0;0;03/07/2025;29/07/2025;29/07/2025;1551,82;38,79;1513,03;0;0;1513,03
NOVO;14273;CAIXA METALICA 1000 x 800 x 600         ;73090090       ;;;26543;CAIXA METALICA 1000 x 800 x 600 ;6;MÁQ EQUIP FABRICA - REAVAL                                  ;17-7;INTELLI IND. TERM. ELETR. - COMMERCIALE-INJETORA;9;APELIDO;10301112/0001-36;SONIA MARIA TROMBETTA VIEIRA E CIA LTDA - ME                ;463;72;1;35250710301112000136550010000004631272223329      ;20;1710;34200;34200;0;0;0;03/07/2025;29/07/2025;29/07/2025;1551,82;38,79;1513,03;0;0;1513,03
NOVO;14273;CAIXA METALICA 1000 x 800 x 600         ;73090090       ;;;26544;CAIXA METALICA 1000 x 800 x 600 ;6;MÁQ EQUIP FABRICA - REAVAL                                  ;17-7;INTELLI IND. TERM. ELETR. - COMMERCIALE-INJETORA;9;APELIDO;10301112/0001-36;SONIA MARIA TROMBETTA VIEIRA E CIA LTDA - ME                ;463;72;1;35250710301112000136550010000004631272223329      ;20;1710;34200;34200;0;0;0;03/07/2025;29/07/2025;29/07/2025;1551,82;38,79;1513,03;0;0;1513,03
NOVO;14273;CAIXA METALICA 1000 x 800 x 600         ;73090090       ;;;26545;CAIXA METALICA 1000 x 800 x 600 ;6;MÁQ EQUIP FABRICA - REAVAL                                  ;17-7;INTELLI IND. TERM. ELETR. - COMMERCIALE-INJETORA;9;APELIDO;10301112/0001-36;SONIA MARIA TROMBETTA VIEIRA E CIA LTDA - ME                ;463;72;1;35250710301112000136550010000004631272223329      ;20;1710;34200;34200;0;0;0;03/07/2025;29/07/2025;29/07/2025;1551,82;38,79;1513,03;0;0;1513,03
NOVO;14273;CAIXA METALICA 1000 x 800 x 600         ;73090090       ;;;26546;CAIXA METALICA 1000 x 800 x 600 ;6;MÁQ EQUIP FABRICA - REAVAL                                  ;17-7;INTELLI IND. TERM. ELETR. - COMMERCIALE-INJETORA;9;APELIDO;10301112/0001-36;SONIA MARIA TROMBETTA VIEIRA E CIA LTDA - ME                ;463;72;1;35250710301112000136550010000004631272223329      ;20;1710;34200;34200;0;0;0;03/07/2025;29/07/2025;29/07/2025;1551,82;38,79;1513,03;0;0;1513,03
NOVO;14273;CAIXA METALICA 1000 x 800 x 600         ;73090090       ;;;26547;CAIXA METALICA 1000 x 800 x 600 ;6;MÁQ EQUIP FABRICA - REAVAL                                  ;17-7;INTELLI IND. TERM. ELETR. - COMMERCIALE-INJETORA;9;APELIDO;10301112/0001-36;SONIA MARIA TROMBETTA VIEIRA E CIA LTDA - ME                ;463;72;1;35250710301112000136550010000004631272223329      ;20;1710;34200;34200;0;0;0;03/07/2025;29/07/2025;29/07/2025;1551,82;38,79;1513,03;0;0;1513,03
NOVO;14273;CAIXA METALICA 1000 x 800 x 600         ;73090090       ;;;26548;CAIXA METALICA 1000 x 800 x 600 ;6;MÁQ EQUIP FABRICA - REAVAL                                  ;17-7;INTELLI IND. TERM. ELETR. - COMMERCIALE-INJETORA;9;APELIDO;10301112/0001-36;SONIA MARIA TROMBETTA VIEIRA E CIA LTDA - ME                ;463;72;1;35250710301112000136550010000004631272223329      ;20;1710;34200;34200;0;0;0;03/07/2025;29/07/2025;29/07/2025;1551,82;38,79;1513,03;0;0;1513,03
NOVO;14273;CAIXA METALICA 1000 x 800 x 600         ;73090090       ;;;26549;CAIXA METALICA 1000 x 800 x 600 ;6;MÁQ EQUIP FABRICA - REAVAL                                  ;17-7;INTELLI IND. TERM. ELETR. - COMMERCIALE-INJETORA;9;APELIDO;10301112/0001-36;SONIA MARIA TROMBETTA VIEIRA E CIA LTDA - ME                ;463;72;1;35250710301112000136550010000004631272223329      ;20;1710;34200;34200;0;0;0;03/07/2025;29/07/2025;29/07/2025;1551,82;38,79;1513,03;0;0;1513,03
NOVO;14273;CAIXA METALICA 1000 x 800 x 600         ;73090090       ;;;26550;CAIXA METALICA 1000 x 800 x 600 ;6;MÁQ EQUIP FABRICA - REAVAL                                  ;17-7;INTELLI IND. TERM. ELETR. - COMMERCIALE-INJETORA;9;APELIDO;10301112/0001-36;SONIA MARIA TROMBETTA VIEIRA E CIA LTDA - ME                ;463;72;1;35250710301112000136550010000004631272223329      ;20;1710;34200;34200;0;0;0;03/07/2025;29/07/2025;29/07/2025;1551,82;38,79;1513,03;0;0;1513,03
NOVO;14273;CAIXA METALICA 1000 x 800 x 600         ;73090090       ;;;26551;CAIXA METALICA 1000 x 800 x 600 ;6;MÁQ EQUIP FABRICA - REAVAL                                  ;17-7;INTELLI IND. TERM. ELETR. - COMMERCIALE-INJETORA;9;APELIDO;10301112/0001-36;SONIA MARIA TROMBETTA VIEIRA E CIA LTDA - ME                ;463;72;1;35250710301112000136550010000004631272223329      ;20;1710;34200;34200;0;0;0;03/07/2025;29/07/2025;29/07/2025;1551,82;38,79;1513,03;0;0;1513,03
NOVO;14273;CAIXA METALICA 1000 x 800 x 600         ;73090090       ;;;26552;CAIXA METALICA 1000 x 800 x 600 ;6;MÁQ EQUIP FABRICA - REAVAL                                  ;17-7;INTELLI IND. TERM. ELETR. - COMMERCIALE-INJETORA;9;APELIDO;10301112/0001-36;SONIA MARIA TROMBETTA VIEIRA E CIA LTDA - ME                ;463;72;1;35250710301112000136550010000004631272223329      ;20;1710;34200;34200;0;0;0;03/07/2025;29/07/2025;29/07/2025;1551,82;38,79;1513,03;0;0;1513,03
NOVO;14273;CAIXA METALICA 1000 x 800 x 600         ;73090090       ;;;26553;CAIXA METALICA 1000 x 800 x 600 ;6;MÁQ EQUIP FABRICA - REAVAL                                  ;17-7;INTELLI IND. TERM. ELETR. - COMMERCIALE-INJETORA;9;APELIDO;10301112/0001-36;SONIA MARIA TROMBETTA VIEIRA E CIA LTDA - ME                ;463;72;1;35250710301112000136550010000004631272223329      ;20;1710;34200;34200;0;0;0;03/07/2025;29/07/2025;29/07/2025;1551,82;38,79;1513,03;0;0;1513,03
NOVO;14273;CAIXA METALICA 1000 x 800 x 600         ;73090090       ;;;26554;CAIXA METALICA 1000 x 800 x 600 ;6;MÁQ EQUIP FABRICA - REAVAL                                  ;17-7;INTELLI IND. TERM. ELETR. - COMMERCIALE-INJETORA;9;APELIDO;10301112/0001-36;SONIA MARIA TROMBETTA VIEIRA E CIA LTDA - ME                ;463;72;1;35250710301112000136550010000004631272223329      ;20;1710;34200;34200;0;0;0;03/07/2025;29/07/2025;29/07/2025;1551,82;38,79;1513,03;0;0;1513,03
NOVO;14273;CAIXA METALICA 1000 x 800 x 600         ;73090090       ;;;26555;CAIXA METALICA 1000 x 800 x 600 ;6;MÁQ EQUIP FABRICA - REAVAL                                  ;17-7;INTELLI IND. TERM. ELETR. - COMMERCIALE-INJETORA;9;APELIDO;10301112/0001-36;SONIA MARIA TROMBETTA VIEIRA E CIA LTDA - ME                ;463;72;1;35250710301112000136550010000004631272223329      ;20;1710;34200;34200;0;0;0;03/07/2025;29/07/2025;29/07/2025;1551,82;38,79;1513,03;0;0;1513,03
NOVO;14273;CAIXA METALICA 1000 x 800 x 600         ;73090090       ;;;26556;CAIXA METALICA 1000 x 800 x 600 ;6;MÁQ EQUIP FABRICA - REAVAL                                  ;17-7;INTELLI IND. TERM. ELETR. - COMMERCIALE-INJETORA;9;APELIDO;10301112/0001-36;SONIA MARIA TROMBETTA VIEIRA E CIA LTDA - ME                ;463;72;1;35250710301112000136550010000004631272223329      ;20;1710;34200;34200;0;0;0;03/07/2025;29/07/2025;29/07/2025;1551,82;38,79;1513,03;0;0;1513,03
NOVO;14273;CAIXA METALICA 1000 x 800 x 600         ;73090090       ;;;26557;CAIXA METALICA 1000 x 800 x 600 ;6;MÁQ EQUIP FABRICA - REAVAL                                  ;17-7;INTELLI IND. TERM. ELETR. - COMMERCIALE-INJETORA;9;APELIDO;10301112/0001-36;SONIA MARIA TROMBETTA VIEIRA E CIA LTDA - ME                ;463;72;1;35250710301112000136550010000004631272223329      ;20;1710;34200;34200;0;0;0;03/07/2025;29/07/2025;29/07/2025;1551,82;38,79;1513,03;0;0;1513,03
NOVO;14273;CAIXA METALICA 1000 x 800 x 600         ;73090090       ;;;26558;CAIXA METALICA 1000 x 800 x 600 ;6;MÁQ EQUIP FABRICA - REAVAL                                  ;17-7;INTELLI IND. TERM. ELETR. - COMMERCIALE-INJETORA;9;APELIDO;10301112/0001-36;SONIA MARIA TROMBETTA VIEIRA E CIA LTDA - ME                ;463;72;1;35250710301112000136550010000004631272223329      ;20;1710;34200;34200;0;0;0;03/07/2025;29/07/2025;29/07/2025;1551,82;38,79;1513,03;0;0;1513,03
NOVO;14273;CAIXA METALICA 1000 x 800 x 600         ;73090090       ;;;26559;CAIXA METALICA 1000 x 800 x 600 ;6;MÁQ EQUIP FABRICA - REAVAL                                  ;17-7;INTELLI IND. TERM. ELETR. - COMMERCIALE-INJETORA;9;APELIDO;10301112/0001-36;SONIA MARIA TROMBETTA VIEIRA E CIA LTDA - ME                ;463;72;1;35250710301112000136550010000004631272223329      ;20;1710;34200;34200;0;0;0;03/07/2025;29/07/2025;29/07/2025;1551,82;38,79;1513,03;0;0;1513,03
NOVO;131235;MOTOR WEG IR3 15CV 4P                   ;85015210       ;;;26560;MOTOR WEG IR3 15CV 4P ;6;MÁQ EQUIP FABRICA - REAVAL                                  ;14-17;INTELLI IND.TERM.ELETR.LTDA MULTIPLEX-MANUTENÇÃO ELÉTRICA;9;APELIDO;4376504/0001-61;LUCIANO CHIARELO & CIA LTDA.                                ;145627;72;1;35250704376504000161550010001456271614919713      ;1;8578,7668;8578,77;8578,77;8578,77;18;1544,18;04/07/2025;29/07/2025;29/07/2025;6241,25;156,03;6085,22;0;0;6085,22
NOVO;136491;INVERSOR FREQ 20CV 31A CFW500D31POT4DB2 ;85044050       ;;;26561;INVERSOR FREQ 20CV 31A CFW500D31POT4DB2 ;6;MÁQ EQUIP FABRICA - REAVAL                                  ;14-17;INTELLI IND.TERM.ELETR.LTDA MULTIPLEX-MANUTENÇÃO ELÉTRICA;9;APELIDO;4376504/0001-61;LUCIANO CHIARELO & CIA LTDA.                                ;145676;72;1;35250704376504000161550010001456761307222787      ;1;9242,31;9242,31;9242,31;9242,31;12;1109,08;04/07/2025;29/07/2025;29/07/2025;7278,31;181,95;7096,36;0;0;7096,36
NOVO;61177;CADEIRA PRESIDENTE GERAL                ;99999999       ;;;26562;CADEIRA PRESIDENTE GERAL ;7;MÓVEIS E UTENSÍLIOS                                         ;14-13;INTELLI IND.TERM.ELETR.LTDA MULTIPLEX-MANUTENÇÃO MECÂNICA;9;APELIDO;12259056/0001-44;DANILO BELATO - ME                                          ;4792;72;1;35250712259056000144550010000047921912013275      ;2;580;1160;1160;0;0;0;07/07/2025;30/07/2025;30/07/2025;580;14,49;565,51;0;0;565,51
NOVO;61177;CADEIRA PRESIDENTE GERAL                ;99999999       ;;;26563;CADEIRA PRESIDENTE GERAL ;7;MÓVEIS E UTENSÍLIOS                                         ;14-13;INTELLI IND.TERM.ELETR.LTDA MULTIPLEX-MANUTENÇÃO MECÂNICA;9;APELIDO;12259056/0001-44;DANILO BELATO - ME                                          ;4792;72;1;35250712259056000144550010000047921912013275      ;2;580;1160;1160;0;0;0;07/07/2025;30/07/2025;30/07/2025;580;0;580;0;0;580
;;;;;;26564;ARMARIO ALTO COM DUAS PORTAS ;7;MÓVEIS E UTENSÍLIOS                                         ;14-13;INTELLI IND.TERM.ELETR.LTDA MULTIPLEX-MANUTENÇÃO MECÂNICA;9;APELIDO;;;;;;;;;;;;;;;;30/07/2025;800;20,01;779,99;0;0;779,99
NOVO;121078;MONITOR DELL P2222H                     ;84433111       ;;;26565;MONITOR P2222H ;1;EQUIPAMENTOS DE INFORMÁTICA                                 ;11-17;INTELLI IND.TERM.ELETR.LTDA - MATRIZ-TECNOLOGIA DA INFORM. E COMUNIC. T.I.C.;9;APELIDO;68993641/0008-02;AGIS EQUIPAMENTOS E SERVICOS DE INFORMATICA LTDA            ;538677;72;1;32250768993641000802550010005386771671297126      ;1;2490;2490;2490;2490;4;99,6;11/07/2025;28/07/2025;28/07/2025;2490;124,5;2365,5;0;0;2365,5
NOVO;78193;MOTOR ELETRICO 400 HP 1750 RPM          ;85016100       ;;;26566;MOTOR ELETRICO 400 HP 1750 RPM ;6;MÁQ EQUIP FABRICA - REAVAL                                  ;14-17;INTELLI IND.TERM.ELETR.LTDA MULTIPLEX-MANUTENÇÃO ELÉTRICA;9;APELIDO;4376504/0001-61;LUCIANO CHIARELO & CIA LTDA.                                ;145922;72;1;35250704376504000161550010001459221767060271      ;1;184733,77;184733,77;184733,77;184733,77;18;33252,08;08/07/2025;31/07/2025;31/07/2025;134393,81;3359,85;131033,96;0;0;131033,96
NOVO;125911;ARMARIO AÇO TIPO VESTIARIO C/ 8 PORTAS  ;94032090       ;;;26567;ARMARIO AÇO TIPO VESTIARIO C/ 8 PORTAS ;7;MÓVEIS E UTENSÍLIOS                                         ;13-4;INTELLI IND.TERM.ELETR.LTDA - COBREAÇÃO-MANUTENÇÃO ELÉTRICA;9;APELIDO;12259056/0001-44;DANILO BELATO - ME                                          ;4806;72;1;35250712259056000144550010000048061640822265      ;1;755;755;755;0;0;0;16/07/2025;01/08/2025;01/08/2025;755;12,58;742,42;0;0;742,42
NOVO;11505;CADEIRA                                 ;99999999       ;;;26568;CADEIRA ;7;MÓVEIS E UTENSÍLIOS                                         ;11-4;INTELLI IND.TERM.ELETR.LTDA - MATRIZ-TELEFONIA;9;APELIDO;12259056/0001-44;DANILO BELATO - ME                                          ;4810;72;1;35250712259056000144550010000048101431058727      ;1;630;630;630;0;0;0;17/07/2025;01/08/2025;01/08/2025;630;10,5;619,5;0;0;619,5
NOVO;62576;ARMARIO ADE AÇO PA 90                   ;94031000       ;;;26569;ARMARIO ADE AÇO PA 90 ;7;MÓVEIS E UTENSÍLIOS                                         ;12-11;INTELLI IND.TERM.ELETR.LTDA - FUNDIÇÃO-GUAINA;9;APELIDO;12259056/0001-44;DANILO BELATO - ME                                          ;4811;72;1;35250712259056000144550010000048111926183035      ;1;1060;1060;1060;0;0;0;17/07/2025;01/08/2025;01/08/2025;1210;20,16;1189,84;0;0;1189,84
NOVO;11505;CADEIRA                                 ;99999999       ;;;26570;CADEIRA ;7;MÓVEIS E UTENSÍLIOS                                         ;11-31;INTELLI IND.TERM.ELETR.LTDA - MATRIZ-ENGENHARIA DE PROJETOS;9;APELIDO;12259056/0001-44;DANILO BELATO - ME                                          ;4816;72;1;35250712259056000144550010000048161012749937      ;6;850;5100;5100;0;0;0;21/07/2025;01/08/2025;01/08/2025;850;14,16;835,84;0;0;835,84
NOVO;11505;CADEIRA                                 ;99999999       ;;;26571;CADEIRA ;7;MÓVEIS E UTENSÍLIOS                                         ;11-31;INTELLI IND.TERM.ELETR.LTDA - MATRIZ-ENGENHARIA DE PROJETOS;9;APELIDO;12259056/0001-44;DANILO BELATO - ME                                          ;4816;72;1;35250712259056000144550010000048161012749937      ;6;850;5100;5100;0;0;0;21/07/2025;01/08/2025;01/08/2025;850;14,16;835,84;0;0;835,84
NOVO;11505;CADEIRA                                 ;99999999       ;;;26572;CADEIRA ;7;MÓVEIS E UTENSÍLIOS                                         ;11-31;INTELLI IND.TERM.ELETR.LTDA - MATRIZ-ENGENHARIA DE PROJETOS;9;APELIDO;12259056/0001-44;DANILO BELATO - ME                                          ;4816;72;1;35250712259056000144550010000048161012749937      ;6;850;5100;5100;0;0;0;21/07/2025;01/08/2025;01/08/2025;850;14,16;835,84;0;0;835,84
NOVO;11505;CADEIRA                                 ;99999999       ;;;26573;CADEIRA ;7;MÓVEIS E UTENSÍLIOS                                         ;11-31;INTELLI IND.TERM.ELETR.LTDA - MATRIZ-ENGENHARIA DE PROJETOS;9;APELIDO;12259056/0001-44;DANILO BELATO - ME                                          ;4816;72;1;35250712259056000144550010000048161012749937      ;6;850;5100;5100;0;0;0;21/07/2025;01/08/2025;01/08/2025;850;14,16;835,84;0;0;835,84
NOVO;11505;CADEIRA                                 ;99999999       ;;;26574;CADEIRA ;7;MÓVEIS E UTENSÍLIOS                                         ;11-31;INTELLI IND.TERM.ELETR.LTDA - MATRIZ-ENGENHARIA DE PROJETOS;9;APELIDO;12259056/0001-44;DANILO BELATO - ME                                          ;4816;72;1;35250712259056000144550010000048161012749937      ;6;850;5100;5100;0;0;0;21/07/2025;01/08/2025;01/08/2025;850;14,16;835,84;0;0;835,84
NOVO;11505;CADEIRA                                 ;99999999       ;;;26575;CADEIRA ;7;MÓVEIS E UTENSÍLIOS                                         ;11-31;INTELLI IND.TERM.ELETR.LTDA - MATRIZ-ENGENHARIA DE PROJETOS;9;APELIDO;12259056/0001-44;DANILO BELATO - ME                                          ;4816;72;1;35250712259056000144550010000048161012749937      ;6;850;5100;5100;0;0;0;21/07/2025;01/08/2025;01/08/2025;850;14,16;835,84;0;0;835,84
NOVO;87305;BRAÇO FIXO CORSA                        ;99999999       ;;;26576;CONJUNTO ESTOFADO DIRETOR COM KIT BASE PARA CADEIRA DIRETOR E BRAÇI FIXO CORSA;7;MÓVEIS E UTENSÍLIOS                                         ;11-8;INTELLI IND.TERM.ELETR.LTDA - MATRIZ-CONTROLE DE QUALIDADE;9;APELIDO;12259056/0001-44;DANILO BELATO - ME                                          ;4817;72;3;35250712259056000144550010000048171446005285      ;1;60;60;60;0;0;0;22/07/2025;01/08/2025;01/08/2025;570;9,5;560,5;0;0;560,5
NOVO;87305;BRAÇO FIXO CORSA                        ;99999999       ;;;26577;CONJUNTO ESTOFADO DIRETOR COM BASE E BRAÇO FIXO CORSA ;7;MÓVEIS E UTENSÍLIOS                                         ;11-5;INTELLI IND.TERM.ELETR.LTDA - MATRIZ-COMPRAS;9;APELIDO;12259056/0001-44;DANILO BELATO - ME                                          ;4823;72;3;35250712259056000144550010000048231908847319      ;1;60;60;60;0;0;0;25/07/2025;01/08/2025;01/08/2025;570;9,5;560,5;0;0;560,5
NOVO;89694;"TV LED 43""                              ";85287200       ;;;26578;"TV LED 43"" ";1;EQUIPAMENTOS DE INFORMÁTICA                                 ;11-5;INTELLI IND.TERM.ELETR.LTDA - MATRIZ-COMPRAS;9;APELIDO;47960950/0894-32;MAGAZINE LUIZA S/A                                          ;436129;98;1;35250747960950089432550070004361291033797950      ;2;1899,05;3798,1;3823,1;25;0;0;31/07/2025;01/08/2025;01/08/2025;1911,55;63,72;1847,83;0;0;1847,83
NOVO;89694;"TV LED 43""                              ";85287200       ;;;26579;"TV LED 43"" ";1;EQUIPAMENTOS DE INFORMÁTICA                                 ;14-8;INTELLI IND.TERM.ELETR.LTDA MULTIPLEX-PATRIMÔNIO;9;APELIDO;47960950/0894-32;MAGAZINE LUIZA S/A                                          ;436129;98;1;35250747960950089432550070004361291033797950      ;2;1899,05;3798,1;3823,1;25;0;0;31/07/2025;01/08/2025;01/08/2025;1911,55;63,72;1847,83;0;0;1847,83
NOVO;126150;EVAP HI-WALL                            ;84151011       ;;;26580;AR CONDICIONADO HI WALL 45HJFE24C2CB FR ELGIN ECO INVERTER II R32;7;MÓVEIS E UTENSÍLIOS                                         ;11-17;INTELLI IND.TERM.ELETR.LTDA - MATRIZ-TECNOLOGIA DA INFORM. E COMUNIC. T.I.C.;9;APELIDO;18928807/0001-54;UNIAR COMERCIO DE ELETRO-ELETRÔNICOS E SERVIÇOS LTDA        ;997474;72;2;31250718928807000154550010009974741684354283      ;2;1532;3064;3064;3064;12;367,68;10/07/2025;01/08/2025;01/08/2025;3830;63,84;3766,16;0;0;3766,16
NOVO;126150;EVAP HI-WALL                            ;84151011       ;;;26581;AR CONDICIONADO HI WALL 45HJFE24C2CB FR ELGIN ECO INVERTER II R32;7;MÓVEIS E UTENSÍLIOS                                         ;11-17;INTELLI IND.TERM.ELETR.LTDA - MATRIZ-TECNOLOGIA DA INFORM. E COMUNIC. T.I.C.;9;APELIDO;18928807/0001-54;UNIAR COMERCIO DE ELETRO-ELETRÔNICOS E SERVIÇOS LTDA        ;997474;72;2;31250718928807000154550010009974741684354283      ;2;1532;3064;3064;3064;12;367,68;10/07/2025;01/08/2025;01/08/2025;3830;63,84;3766,16;0;0;3766,16
NOVO;126150;EVAP HI-WALL                            ;84151011       ;;;26582;AR CONDICIONADO SPLIT 12000 BTUS ;7;MÓVEIS E UTENSÍLIOS                                         ;11-17;INTELLI IND.TERM.ELETR.LTDA - MATRIZ-TECNOLOGIA DA INFORM. E COMUNIC. T.I.C.;9;APELIDO;18928807/0001-54;UNIAR COMERCIO DE ELETRO-ELETRÔNICOS E SERVIÇOS LTDA        ;997475;72;2;31250718928807000154550010009974751980123760      ;1;816;816;816;816;12;97,92;10/07/2025;01/08/2025;01/08/2025;2040;34;2006;0;0;2006
NOVO;1309;MESA DE MADEIRA                         ;94033000       ;;;26583;MESA DE MADEIRA ;7;MÓVEIS E UTENSÍLIOS                                         ;14-11;INTELLI IND.TERM.ELETR.LTDA MULTIPLEX-SGI - SIST GESTÃO INTEGRADO;9;APELIDO;12259056/0001-44;DANILO BELATO - ME                                          ;4796;72;1;35250712259056000144550010000047961289053111      ;2;640;1280;1280;0;0;0;08/07/2025;04/08/2025;04/08/2025;640;10,66;629,34;0;0;629,34
NOVO;1309;MESA DE MADEIRA                         ;94033000       ;;;26584;MESA DE MADEIRA ;7;MÓVEIS E UTENSÍLIOS                                         ;14-13;INTELLI IND.TERM.ELETR.LTDA MULTIPLEX-MANUTENÇÃO MECÂNICA;9;APELIDO;12259056/0001-44;DANILO BELATO - ME                                          ;4796;72;1;35250712259056000144550010000047961289053111      ;2;640;1280;1280;0;0;0;08/07/2025;04/08/2025;04/08/2025;640;10,66;629,34;0;0;629,34
NOVO;1309;MESA DE MADEIRA                         ;94033000       ;;;26585;COMPLEMENTO MESA P25 PP ;7;MÓVEIS E UTENSÍLIOS                                         ;14-13;INTELLI IND.TERM.ELETR.LTDA MULTIPLEX-MANUTENÇÃO MECÂNICA;9;APELIDO;12259056/0001-44;DANILO BELATO - ME                                          ;4796;72;1;35250712259056000144550010000047961289053111      ;2;640;1280;1280;0;0;0;08/07/2025;04/08/2025;04/08/2025;320;5,34;314,66;0;0;314,66
NOVO;1309;MESA DE MADEIRA                         ;94033000       ;;;26586;MESA ;7;MÓVEIS E UTENSÍLIOS                                         ;14-13;INTELLI IND.TERM.ELETR.LTDA MULTIPLEX-MANUTENÇÃO MECÂNICA;9;APELIDO;12259056/0001-44;DANILO BELATO - ME                                          ;4796;72;1;35250712259056000144550010000047961289053111      ;2;640;1280;1280;0;0;0;08/07/2025;04/08/2025;04/08/2025;980;16,34;963,66;0;0;963,66
NOVO;1309;MESA DE MADEIRA                         ;94033000       ;;;26587;ESTAÇÃO DE TRABALHO ;7;MÓVEIS E UTENSÍLIOS                                         ;14-13;INTELLI IND.TERM.ELETR.LTDA MULTIPLEX-MANUTENÇÃO MECÂNICA;9;APELIDO;12259056/0001-44;DANILO BELATO - ME                                          ;4796;72;1;35250712259056000144550010000047961289053111      ;2;640;1280;1280;0;0;0;08/07/2025;04/08/2025;04/08/2025;910;15,16;894,84;0;0;894,84
NOVO;1309;MESA DE MADEIRA                         ;94033000       ;;;26588;ESTAÇÃO DE TRABALHO ;7;MÓVEIS E UTENSÍLIOS                                         ;14-13;INTELLI IND.TERM.ELETR.LTDA MULTIPLEX-MANUTENÇÃO MECÂNICA;9;APELIDO;12259056/0001-44;DANILO BELATO - ME                                          ;4796;72;1;35250712259056000144550010000047961289053111      ;2;640;1280;1280;0;0;0;08/07/2025;04/08/2025;04/08/2025;910;15,16;894,84;0;0;894,84
NOVO;1309;MESA DE MADEIRA                         ;94033000       ;;;26589;ESTAÇÃO DE TRABALHO ;7;MÓVEIS E UTENSÍLIOS                                         ;14-13;INTELLI IND.TERM.ELETR.LTDA MULTIPLEX-MANUTENÇÃO MECÂNICA;9;APELIDO;12259056/0001-44;DANILO BELATO - ME                                          ;4796;72;1;35250712259056000144550010000047961289053111      ;2;640;1280;1280;0;0;0;08/07/2025;04/08/2025;04/08/2025;910;15,16;894,84;0;0;894,84
NOVO;1309;MESA DE MADEIRA                         ;94033000       ;;;26590;ESTAÇÃO DE TRABALHO ;7;MÓVEIS E UTENSÍLIOS                                         ;14-13;INTELLI IND.TERM.ELETR.LTDA MULTIPLEX-MANUTENÇÃO MECÂNICA;9;APELIDO;12259056/0001-44;DANILO BELATO - ME                                          ;4796;72;1;35250712259056000144550010000047961289053111      ;2;640;1280;1280;0;0;0;08/07/2025;04/08/2025;04/08/2025;910;15,16;894,84;0;0;894,84
NOVO;1309;MESA DE MADEIRA                         ;94033000       ;;;26591;ESTAÇÃO DE TRABALHO ;7;MÓVEIS E UTENSÍLIOS                                         ;14-13;INTELLI IND.TERM.ELETR.LTDA MULTIPLEX-MANUTENÇÃO MECÂNICA;9;APELIDO;12259056/0001-44;DANILO BELATO - ME                                          ;4796;72;1;35250712259056000144550010000047961289053111      ;2;640;1280;1280;0;0;0;08/07/2025;04/08/2025;04/08/2025;910;15,16;894,84;0;0;894,84
NOVO;1309;MESA DE MADEIRA                         ;94033000       ;;;26592;ESTAÇÃO DE TRABALHO ;7;MÓVEIS E UTENSÍLIOS                                         ;14-13;INTELLI IND.TERM.ELETR.LTDA MULTIPLEX-MANUTENÇÃO MECÂNICA;9;APELIDO;12259056/0001-44;DANILO BELATO - ME                                          ;4796;72;1;35250712259056000144550010000047961289053111      ;2;640;1280;1280;0;0;0;08/07/2025;04/08/2025;04/08/2025;910;15,16;894,84;0;0;894,84
NOVO;1309;MESA DE MADEIRA                         ;94033000       ;;;26593;ESTAÇÃO DE TRABALHO ;7;MÓVEIS E UTENSÍLIOS                                         ;14-13;INTELLI IND.TERM.ELETR.LTDA MULTIPLEX-MANUTENÇÃO MECÂNICA;9;APELIDO;12259056/0001-44;DANILO BELATO - ME                                          ;4796;72;1;35250712259056000144550010000047961289053111      ;2;640;1280;1280;0;0;0;08/07/2025;04/08/2025;04/08/2025;910;15,16;894,84;0;0;894,84
NOVO;1309;MESA DE MADEIRA                         ;94033000       ;;;26594;ESTAÇÃO DE TRABALHO ;7;MÓVEIS E UTENSÍLIOS                                         ;14-13;INTELLI IND.TERM.ELETR.LTDA MULTIPLEX-MANUTENÇÃO MECÂNICA;9;APELIDO;12259056/0001-44;DANILO BELATO - ME                                          ;4796;72;1;35250712259056000144550010000047961289053111      ;2;640;1280;1280;0;0;0;08/07/2025;04/08/2025;04/08/2025;910;15,16;894,84;0;0;894,84
NOVO;1309;MESA DE MADEIRA                         ;94033000       ;;;26595;PAINEL DIVISOR ;7;MÓVEIS E UTENSÍLIOS                                         ;14-13;INTELLI IND.TERM.ELETR.LTDA MULTIPLEX-MANUTENÇÃO MECÂNICA;9;APELIDO;12259056/0001-44;DANILO BELATO - ME                                          ;4796;72;1;35250712259056000144550010000047961289053111      ;2;640;1280;1280;0;0;0;08/07/2025;04/08/2025;04/08/2025;170;2,84;167,16;0;0;167,16
NOVO;1309;MESA DE MADEIRA                         ;94033000       ;;;26596;PAINEL DIVISOR ;7;MÓVEIS E UTENSÍLIOS                                         ;14-13;INTELLI IND.TERM.ELETR.LTDA MULTIPLEX-MANUTENÇÃO MECÂNICA;9;APELIDO;12259056/0001-44;DANILO BELATO - ME                                          ;4796;72;1;35250712259056000144550010000047961289053111      ;2;640;1280;1280;0;0;0;08/07/2025;04/08/2025;04/08/2025;170;2,84;167,16;0;0;167,16
NOVO;1309;MESA DE MADEIRA                         ;94033000       ;;;26597;PAINEL DIVISOR ;7;MÓVEIS E UTENSÍLIOS                                         ;14-13;INTELLI IND.TERM.ELETR.LTDA MULTIPLEX-MANUTENÇÃO MECÂNICA;9;APELIDO;12259056/0001-44;DANILO BELATO - ME                                          ;4796;72;1;35250712259056000144550010000047961289053111      ;2;640;1280;1280;0;0;0;08/07/2025;04/08/2025;04/08/2025;170;2,84;167,16;0;0;167,16
NOVO;1309;MESA DE MADEIRA                         ;94033000       ;;;26598;PAINEL DIVISOR ;7;MÓVEIS E UTENSÍLIOS                                         ;14-13;INTELLI IND.TERM.ELETR.LTDA MULTIPLEX-MANUTENÇÃO MECÂNICA;9;APELIDO;12259056/0001-44;DANILO BELATO - ME                                          ;4796;72;1;35250712259056000144550010000047961289053111      ;2;640;1280;1280;0;0;0;08/07/2025;04/08/2025;04/08/2025;170;2,84;167,16;0;0;167,16
NOVO;1309;MESA DE MADEIRA                         ;94033000       ;;;26599;PAINEL DIVISOR ;7;MÓVEIS E UTENSÍLIOS                                         ;14-13;INTELLI IND.TERM.ELETR.LTDA MULTIPLEX-MANUTENÇÃO MECÂNICA;9;APELIDO;12259056/0001-44;DANILO BELATO - ME                                          ;4796;72;1;35250712259056000144550010000047961289053111      ;2;640;1280;1280;0;0;0;08/07/2025;04/08/2025;04/08/2025;170;2,84;167,16;0;0;167,16
NOVO;1309;MESA DE MADEIRA                         ;94033000       ;;;26600;PAINEL DIVISOR ;7;MÓVEIS E UTENSÍLIOS                                         ;14-13;INTELLI IND.TERM.ELETR.LTDA MULTIPLEX-MANUTENÇÃO MECÂNICA;9;APELIDO;12259056/0001-44;DANILO BELATO - ME                                          ;4796;72;1;35250712259056000144550010000047961289053111      ;2;640;1280;1280;0;0;0;08/07/2025;04/08/2025;04/08/2025;170;2,84;167,16;0;0;167,16
NOVO;1309;MESA DE MADEIRA                         ;94033000       ;;;26601;PAINEL DIVISOR ;7;MÓVEIS E UTENSÍLIOS                                         ;14-13;INTELLI IND.TERM.ELETR.LTDA MULTIPLEX-MANUTENÇÃO MECÂNICA;9;APELIDO;12259056/0001-44;DANILO BELATO - ME                                          ;4796;72;1;35250712259056000144550010000047961289053111      ;2;640;1280;1280;0;0;0;08/07/2025;04/08/2025;04/08/2025;170;2,84;167,16;0;0;167,16
NOVO;1309;MESA DE MADEIRA                         ;94033000       ;;;26602;PAINEL DIVISOR ;7;MÓVEIS E UTENSÍLIOS                                         ;14-13;INTELLI IND.TERM.ELETR.LTDA MULTIPLEX-MANUTENÇÃO MECÂNICA;9;APELIDO;12259056/0001-44;DANILO BELATO - ME                                          ;4796;72;1;35250712259056000144550010000047961289053111      ;2;640;1280;1280;0;0;0;08/07/2025;04/08/2025;04/08/2025;170;2,84;167,16;0;0;167,16
NOVO;1309;MESA DE MADEIRA                         ;94033000       ;;;26603;GAVETEIRO VOLANTE COM 4 GAVETAS ;7;MÓVEIS E UTENSÍLIOS                                         ;14-13;INTELLI IND.TERM.ELETR.LTDA MULTIPLEX-MANUTENÇÃO MECÂNICA;9;APELIDO;12259056/0001-44;DANILO BELATO - ME                                          ;4796;72;1;35250712259056000144550010000047961289053111      ;2;640;1280;1280;0;0;0;08/07/2025;04/08/2025;04/08/2025;570;9,5;560,5;0;0;560,5
NOVO;1309;MESA DE MADEIRA                         ;94033000       ;;;26604;GAVETEIRO VOLANTE COM 4 GAVETAS ;7;MÓVEIS E UTENSÍLIOS                                         ;14-13;INTELLI IND.TERM.ELETR.LTDA MULTIPLEX-MANUTENÇÃO MECÂNICA;9;APELIDO;12259056/0001-44;DANILO BELATO - ME                                          ;4796;72;1;35250712259056000144550010000047961289053111      ;2;640;1280;1280;0;0;0;08/07/2025;04/08/2025;04/08/2025;570;9,5;560,5;0;0;560,5
NOVO;1309;MESA DE MADEIRA                         ;94033000       ;;;26605;GAVETEIRO VOLANTE COM 4 GAVETAS ;7;MÓVEIS E UTENSÍLIOS                                         ;14-13;INTELLI IND.TERM.ELETR.LTDA MULTIPLEX-MANUTENÇÃO MECÂNICA;9;APELIDO;12259056/0001-44;DANILO BELATO - ME                                          ;4796;72;1;35250712259056000144550010000047961289053111      ;2;640;1280;1280;0;0;0;08/07/2025;04/08/2025;04/08/2025;570;9,5;560,5;0;0;560,5
NOVO;1309;MESA DE MADEIRA                         ;94033000       ;;;26606;GAVETEIRO VOLANTE COM 4 GAVETAS ;7;MÓVEIS E UTENSÍLIOS                                         ;14-13;INTELLI IND.TERM.ELETR.LTDA MULTIPLEX-MANUTENÇÃO MECÂNICA;9;APELIDO;12259056/0001-44;DANILO BELATO - ME                                          ;4796;72;1;35250712259056000144550010000047961289053111      ;2;640;1280;1280;0;0;0;08/07/2025;04/08/2025;04/08/2025;570;9,5;560,5;0;0;560,5
NOVO;1309;MESA DE MADEIRA                         ;94033000       ;;;26607;MESA REUNIÃO OBLONGA 2000x900 CZ GR ;7;MÓVEIS E UTENSÍLIOS                                         ;14-13;INTELLI IND.TERM.ELETR.LTDA MULTIPLEX-MANUTENÇÃO MECÂNICA;9;APELIDO;12259056/0001-44;DANILO BELATO - ME                                          ;4796;72;1;35250712259056000144550010000047961289053111      ;2;640;1280;1280;0;0;0;08/07/2025;04/08/2025;04/08/2025;930;15,5;914,5;0;0;914,5
NOVO;1309;MESA DE MADEIRA                         ;94033000       ;;;26608;ARMARIO ;7;MÓVEIS E UTENSÍLIOS                                         ;14-13;INTELLI IND.TERM.ELETR.LTDA MULTIPLEX-MANUTENÇÃO MECÂNICA;9;APELIDO;12259056/0001-44;DANILO BELATO - ME                                          ;4796;72;1;35250712259056000144550010000047961289053111      ;2;640;1280;1280;0;0;0;08/07/2025;04/08/2025;04/08/2025;1370;22,84;1347,16;0;0;1347,16
NOVO;116637;TRANSPALETE TM 2500 ESP (660X525MM)     ;84279000       ;;;26609;TRANSPALETE TM 2500 ESP (660X525MM) ;6;MÁQ EQUIP FABRICA - REAVAL                                  ;11-19;INTELLI IND.TERM.ELETR.LTDA - MATRIZ-ESTAMPARIA I;9;APELIDO;3662874/0001-00;LIF SERVICE COMERCIO E MANUTENÇAO DE MAQUINAS IND.LTDA -EPP ;7353;72;1;35250703662874000100550010000073531996474140      ;2;4638;9276;9276;9276;3,97;368,26;08/07/2025;04/08/2025;04/08/2025;4024,86;67,08;3957,78;0;0;3957,78
NOVO;116637;TRANSPALETE TM 2500 ESP (660X525MM)     ;84279000       ;;;26610;TRANSPALETE TM 2500 ESP (660X525MM) ;6;MÁQ EQUIP FABRICA - REAVAL                                  ;11-19;INTELLI IND.TERM.ELETR.LTDA - MATRIZ-ESTAMPARIA I;9;APELIDO;3662874/0001-00;LIF SERVICE COMERCIO E MANUTENÇAO DE MAQUINAS IND.LTDA -EPP ;7353;72;1;35250703662874000100550010000073531996474140      ;2;4638;9276;9276;9276;3,97;368,26;08/07/2025;04/08/2025;04/08/2025;4024,86;67,08;3957,78;0;0;3957,78
;136393;BUCHA PASSAGEM PORC. INT/EXT 15KV 600A  ;85469000       ;;;26611;ARMARIO EPI 40X40X30CM ;7;MÓVEIS E UTENSÍLIOS                                         ;14-17;INTELLI IND.TERM.ELETR.LTDA MULTIPLEX-MANUTENÇÃO ELÉTRICA;9;APELIDO;51825248/0001-22;SERVMONTEC COMERCIO DE MATERIAIS ELETRICOS LTDA.            ;10498;72;1;35250751825248000122550010000104981087020806      ;3;739,8;2219,4;2219,4;0;0;0;11/07/2025;01/08/2025;01/08/2025;915;15,24;899,76;0;0;899,76
USADO;317;BANCADA DE AÇO                          ;73089010       ;;;26612;BANCADA DE AÇO ;7;MÓVEIS E UTENSÍLIOS                                         ;18-4;INTELLI IND. TERM. ELETR. - CORDARE-MECÂNICA;9;APELIDO;49808421/0001-32;COPPERSTEEL BIMETALICOS LTDA                                ;175050;0;1;35250849808421000132550000001750501202508054      ;1;100;100;100;0;0;0;04/08/2025;05/08/2025;05/08/2025;100;1,66;98,34;0;0;98,34
NOVO;28411;PAINEL ELETRICO                         ;99999999       ;;;26613;PAINEL ELETRICO ;6;MÁQ EQUIP FABRICA - REAVAL                                  ;14-17;INTELLI IND.TERM.ELETR.LTDA MULTIPLEX-MANUTENÇÃO ELÉTRICA;9;APELIDO;4376504/0003-23;LUCIANO CHIARELO & CIA LTDA.                                ;920;72;1;35250704376504000323550010000009201525680406      ;1;16246,26;16246,26;16246,26;16246,26;12;1949,55;14/07/2025;05/08/2025;05/08/2025;12793,93;213,24;12580,69;0;0;12580,69
NOVO;28411;PAINEL ELETRICO                         ;99999999       ;;;26614;PAINEL ELETRICO ;6;MÁQ EQUIP FABRICA - REAVAL                                  ;14-17;INTELLI IND.TERM.ELETR.LTDA MULTIPLEX-MANUTENÇÃO ELÉTRICA;9;APELIDO;4376504/0003-23;LUCIANO CHIARELO & CIA LTDA.                                ;921;72;1;35250704376504000323550010000009211955639069      ;1;24052,01;24052,01;24052,01;24052,01;12;2886,24;14/07/2025;05/08/2025;05/08/2025;18940,96;315,68;18625,28;0;0;18625,28
NOVO;107490;LIXADEIRA                               ;84672999       ;;;26615;ESMIRILHADEIRA 4.1/2 DWE4020B2B 220V DEWALT67434 ;2;FERRAMENTAS                                                 ;17-5;INTELLI IND. TERM. ELETR. - COMMERCIALE-MANUTENÇÃO;9;APELIDO;66185133/0001-98;ORLASOLDA COMERCIO DE EQUIPAMENTOS E SOLDAS LTDA.           ;200709;72;1;35250766185133000198550010002007091783836000      ;1;430;430;430;0;0;0;16/07/2025;05/08/2025;05/08/2025;390,22;6,5;383,72;0;0;383,72
NOVO;78990;SERVIÇO DE FURAÇÃO                      ;73101090       ;;;26616;SERVIÇO DE FURAÇÃO DE BOBINA (MELHORIA) ;6;MÁQ EQUIP FABRICA - REAVAL                                  ;14-15;INTELLI IND.TERM.ELETR.LTDA MULTIPLEX-MULTIPLEX 1;9;APELIDO;7214234/0001-80;JP MONTAGENS INDUSTRIAIS E MANUTENCOES LTDA                 ;112;72;1;35250707214234000180550010000001121043277003      ;1;6720;6720;6720;0;0;0;23/07/2025;05/08/2025;05/08/2025;6098,4;101,64;5996,76;0;0;5996,76
NOVO;103775;IMPRESSORA ZEBRA ZT231 203 DPI 104MM    ;84433299       ;;;26617;IMPRESSORA ZEBRA ZT231 203 DPI 104MM ;1;EQUIPAMENTOS DE INFORMÁTICA                                 ;11-17;INTELLI IND.TERM.ELETR.LTDA - MATRIZ-TECNOLOGIA DA INFORM. E COMUNIC. T.I.C.;9;APELIDO;1771935/0010-25;INGRAM MICRO BRASIL LTDA                                    ;458929;285;1;32250701771935001025550160004589291204927697      ;1;4900,41;4900,41;5635,47;5635,47;4;225,42;29/07/2025;06/08/2025;06/08/2025;5635,47;187,84;5447,63;0;0;5447,63
NOVO;28269;BALANÇA 3400 BATERIA CAP. 10KGx2G       ;84238190       ;;;26618;BALANÇA 3400 BATERIA CAP. 10KGx2G ;6;MÁQ EQUIP FABRICA - REAVAL                                  ;14-12;INTELLI IND.TERM.ELETR.LTDA MULTIPLEX-EXPEDIÇÃO;9;APELIDO;59704510/0001-92;TOLEDO DO BRASIL INDUSTRIA DE BALANCAS LTDA.                ;1009716;72;1;35250759704510000192550010010097161779141244      ;2;4060;8120;8383,9;4098,89;18;737,8;18/07/2025;07/08/2025;07/08/2025;3447,5;57,46;3390,04;0;0;3390,04
NOVO;28269;BALANÇA 3400 BATERIA CAP. 10KGx2G       ;84238190       ;;;26619;BALANÇA 3400 BATERIA CAP. 10KGx2G ;6;MÁQ EQUIP FABRICA - REAVAL                                  ;14-12;INTELLI IND.TERM.ELETR.LTDA MULTIPLEX-EXPEDIÇÃO;9;APELIDO;59704510/0001-92;TOLEDO DO BRASIL INDUSTRIA DE BALANCAS LTDA.                ;1009716;72;1;35250759704510000192550010010097161779141244      ;2;4060;8120;8383,9;4098,89;18;737,8;18/07/2025;07/08/2025;07/08/2025;3447,5;57,46;3390,04;0;0;3390,04
NOVO;136588;TALHA ELÉTRICA CORRENTE MOD. ER2M005S-S ;84251100       ;;;26620;TALHA ELÉTRICA CORRENTE MOD. ER2M005S-S ;6;MÁQ EQUIP FABRICA - REAVAL                                  ;12-11;INTELLI IND.TERM.ELETR.LTDA - FUNDIÇÃO-GUAINA;9;APELIDO;61699050/0001-01;CAP TALHAS LTDA                                             ;4;72;1;35250761699050000101550010000000041541210003      ;2;23800;47600;47600;47600;1,36;647,36;28/07/2025;11/08/2025;11/08/2025;21274,82;354,58;20920,24;0;0;20920,24
NOVO;136588;TALHA ELÉTRICA CORRENTE MOD. ER2M005S-S ;84251100       ;;;26621;TALHA ELÉTRICA CORRENTE MOD. ER2M005S-S ;6;MÁQ EQUIP FABRICA - REAVAL                                  ;12-11;INTELLI IND.TERM.ELETR.LTDA - FUNDIÇÃO-GUAINA;9;APELIDO;61699050/0001-01;CAP TALHAS LTDA                                             ;4;72;1;35250761699050000101550010000000041541210003      ;2;23800;47600;47600;47600;1,36;647,36;28/07/2025;11/08/2025;11/08/2025;21274,82;354,58;20920,24;0;0;20920,24
NOVO;66524;FURADEIRA/PARAFUS. 20V DCD785C2B2 DEWALT;84672992       ;;;26622;FURADEIRA/PARAFUS. 20V DCD785C2B2 DEWALT ;2;FERRAMENTAS                                                 ;14-13;INTELLI IND.TERM.ELETR.LTDA MULTIPLEX-MANUTENÇÃO MECÂNICA;9;APELIDO;565813/0001-29;ANHANGUERA COMERCIO DE FERRAMENTAS LTDA.                    ;1439263;74;1;35250800565813000129550030014392631799960593      ;2;1039,7;2079,4;2079,4;0;0;0;07/08/2025;12/08/2025;12/08/2025;943,5;15,72;927,78;0;0;927,78
NOVO;66524;FURADEIRA/PARAFUS. 20V DCD785C2B2 DEWALT;84672992       ;;;26623;FURADEIRA/PARAFUS. 20V DCD785C2B2 DEWALT ;2;FERRAMENTAS                                                 ;14-13;INTELLI IND.TERM.ELETR.LTDA MULTIPLEX-MANUTENÇÃO MECÂNICA;9;APELIDO;565813/0001-29;ANHANGUERA COMERCIO DE FERRAMENTAS LTDA.                    ;1439263;74;1;35250800565813000129550030014392631799960593      ;2;1039,7;2079,4;2079,4;0;0;0;07/08/2025;12/08/2025;12/08/2025;943,5;15,72;927,78;0;0;927,78
NOVO;136499;NOBREAK RAGTECH SENOIDAL NEP1200VA BIVOL;85044040       ;;;26624;NOBREAK RAGTECH SENOIDAL NEP1200VA BIVOL ;1;EQUIPAMENTOS DE INFORMÁTICA                                 ;11-17;INTELLI IND.TERM.ELETR.LTDA - MATRIZ-TECNOLOGIA DA INFORM. E COMUNIC. T.I.C.;9;APELIDO;7075762/0001-04;GUSTAVO MANTOVANI NASCIMENTO - ME                           ;18204;72;1;35250707075762000104550010000182041695936674      ;1;1035;1035;1035;0;0;0;11/07/2025;13/08/2025;13/08/2025;1035;34,5;1000,5;0;0;1000,5
NOVO;17724;RACK FECHADO 16US X 470MM PAREDE        ;94032090       ;;;26625;RACK FECHADO 16US X 470MM PAREDE ;1;EQUIPAMENTOS DE INFORMÁTICA                                 ;11-17;INTELLI IND.TERM.ELETR.LTDA - MATRIZ-TECNOLOGIA DA INFORM. E COMUNIC. T.I.C.;9;APELIDO;7075762/0001-04;GUSTAVO MANTOVANI NASCIMENTO - ME                           ;18205;72;1;35250707075762000104550010000182051963144740      ;3;399;1197;1197;0;0;0;11/07/2025;13/08/2025;13/08/2025;399;13,3;385,7;0;0;385,7
NOVO;17724;RACK FECHADO 16US X 470MM PAREDE        ;94032090       ;;;26626;RACK FECHADO 16US X 470MM PAREDE ;1;EQUIPAMENTOS DE INFORMÁTICA                                 ;11-17;INTELLI IND.TERM.ELETR.LTDA - MATRIZ-TECNOLOGIA DA INFORM. E COMUNIC. T.I.C.;9;APELIDO;7075762/0001-04;GUSTAVO MANTOVANI NASCIMENTO - ME                           ;18205;72;1;35250707075762000104550010000182051963144740      ;3;399;1197;1197;0;0;0;11/07/2025;13/08/2025;13/08/2025;399,01;13,3;385,71;0;0;385,71
NOVO;17724;RACK FECHADO 16US X 470MM PAREDE        ;94032090       ;;;26627;RACK FECHADO 16US X 470MM PAREDE ;1;EQUIPAMENTOS DE INFORMÁTICA                                 ;11-17;INTELLI IND.TERM.ELETR.LTDA - MATRIZ-TECNOLOGIA DA INFORM. E COMUNIC. T.I.C.;9;APELIDO;7075762/0001-04;GUSTAVO MANTOVANI NASCIMENTO - ME                           ;18205;72;1;35250707075762000104550010000182051963144740      ;3;399;1197;1197;0;0;0;11/07/2025;13/08/2025;13/08/2025;399;13,3;385,7;0;0;385,7
NOVO;125911;ARMARIO AÇO TIPO VESTIARIO C/ 8 PORTAS  ;94031000       ;;;26628;ARMARIO AÇO TIPO VESTIARIO C/ 8 PORTAS ;7;MÓVEIS E UTENSÍLIOS                                         ;16-4;INTELLI IND. TERM. ELETR. - MONTAGGIO-EXPEDIÇÃO;9;APELIDO;11018053/0001-56;ABSOLUTA MOVEIS PARA ESCRITÓRIO LTDA ME                     ;11650;72;1;35250711018053000156550010000116501665150255      ;1;662;662;662;0;0;0;18/07/2025;14/08/2025;14/08/2025;662;11,04;650,96;0;0;650,96
NOVO;110405;"MORSA DE BANCADA 6"" ROTATIVA C/ BIGORNA ";82057000       ;;;26629;"MORSA DE BANCADA 6"" ROTATIVA C/ BIGORNA ";2;FERRAMENTAS                                                 ;14-18;INTELLI IND.TERM.ELETR.LTDA MULTIPLEX-MULTIPLEX 2;9;APELIDO;51051811/0002-33;LUITEX MÁQUINAS E FERRAMENTAS LTDA.                         ;905833;72;1;35250751051811000233550010009058331000023909      ;3;388,88;1166,64;1166,64;0;0;0;25/07/2025;14/08/2025;14/08/2025;352,81;5,88;346,93;0;0;346,93
NOVO;110405;"MORSA DE BANCADA 6"" ROTATIVA C/ BIGORNA ";82057000       ;;;26630;"MORSA DE BANCADA 6"" ROTATIVA C/ BIGORNA ";2;FERRAMENTAS                                                 ;14-18;INTELLI IND.TERM.ELETR.LTDA MULTIPLEX-MULTIPLEX 2;9;APELIDO;51051811/0002-33;LUITEX MÁQUINAS E FERRAMENTAS LTDA.                         ;905833;72;1;35250751051811000233550010009058331000023909      ;3;388,88;1166,64;1166,64;0;0;0;25/07/2025;14/08/2025;14/08/2025;352,81;5,88;346,93;0;0;346,93
NOVO;110405;"MORSA DE BANCADA 6"" ROTATIVA C/ BIGORNA ";82057000       ;;;26631;"MORSA DE BANCADA 6"" ROTATIVA C/ BIGORNA ";2;FERRAMENTAS                                                 ;14-18;INTELLI IND.TERM.ELETR.LTDA MULTIPLEX-MULTIPLEX 2;9;APELIDO;51051811/0002-33;LUITEX MÁQUINAS E FERRAMENTAS LTDA.                         ;905833;72;1;35250751051811000233550010009058331000023909      ;3;388,88;1166,64;1166,64;0;0;0;25/07/2025;14/08/2025;14/08/2025;352,81;5,88;346,93;0;0;346,93
NOVO;137200;TREFILA DE VERGALHAO 13 PASSES          ;84631090       ;;;26632;TREFILA DE VERGALHAO 13 PASSES ;6;MÁQ EQUIP FABRICA - REAVAL                                  ;14-18;INTELLI IND.TERM.ELETR.LTDA MULTIPLEX-MULTIPLEX 2;9;APELIDO;2544042/0001-19;I.F.C INDUSTRIA E COMERCIO DE CONDUTORES ELETRICOS LTDA     ;447613;72;1;35250702544042000119550010004476131933540340      ;1;133676,98;133676,98;133676,98;0;0;0;31/07/2025;14/08/2025;14/08/2025;121311,86;2021,86;119290;0;0;119290
NOVO;137201;APAR ELET C/ MOT PRINC. DE SAIDA P/ESTIR;85371019       ;;;26633;APAR ELET C/ MOT PRINC. DE SAIDA P/ESTIR ;6;MÁQ EQUIP FABRICA - REAVAL                                  ;14-18;INTELLI IND.TERM.ELETR.LTDA MULTIPLEX-MULTIPLEX 2;9;APELIDO;2544042/0001-19;I.F.C INDUSTRIA E COMERCIO DE CONDUTORES ELETRICOS LTDA     ;447614;72;1;35250702544042000119550010004476141912519544      ;1;466323,02;466323,02;466323,02;0;0;0;31/07/2025;14/08/2025;14/08/2025;423188,14;7053,14;416135;0;0;416135
NOVO;121078;MONITOR DELL P2222H                     ;85285200       ;;;26634;MONITOR DELL P2222H ;1;EQUIPAMENTOS DE INFORMÁTICA                                 ;11-17;INTELLI IND.TERM.ELETR.LTDA - MATRIZ-TECNOLOGIA DA INFORM. E COMUNIC. T.I.C.;9;APELIDO;72381189/0010-01;DELL COMPUTADORES DO BRASIL LTDA.                           ;7882888;72;1;35250872381189001001550010078828881571887877      ;1;939,02;939,02;939,02;939,02;18;169,02;04/08/2025;14/08/2025;14/08/2025;939,02;31,3;907,72;0;0;907,72
NOVO;128336;PAINEL MDF                              ;94036000       ;;;26635;PAINEL MDF ;7;MÓVEIS E UTENSÍLIOS                                         ;14-8;INTELLI IND.TERM.ELETR.LTDA MULTIPLEX-PATRIMÔNIO;9;APELIDO;9487220/0001-66;FAVARIN & GERVASIO LTDA                                     ;600;72;1;35250809487220000166550010000006001503959907      ;1;1970;1970;1970;0;0;0;05/08/2025;14/08/2025;14/08/2025;1970;32,84;1937,16;0;0;1937,16
NOVO;136976;MODULO POTEN.PM-240-2 SINAMICS G12 178A ;85044050       ;;;26636;MODULO POTEN.PM-240-2 SINAMICS G12 178A ;6;MÁQ EQUIP FABRICA - REAVAL                                  ;14-17;INTELLI IND.TERM.ELETR.LTDA MULTIPLEX-MANUTENÇÃO ELÉTRICA;9;APELIDO;54362041/0004-08;PEU ELETRICIDADE LTDA.                                      ;296991;72;1;32250854362041000408550010002969911631009294      ;1;45000;45000;45000;45000;4;1800;07/08/2025;12/08/2025;12/08/2025;39037,5;650,62;38386,88;0;0;38386,88
NOVO;117539;IMPRESSORA EPSON ECOTANK L6270          ;84433111       ;;;26637;IMPRESSORA EPSON ECOTANK L6270 ;1;EQUIPAMENTOS DE INFORMÁTICA                                 ;11-17;INTELLI IND.TERM.ELETR.LTDA - MATRIZ-TECNOLOGIA DA INFORM. E COMUNIC. T.I.C.;9;APELIDO;68993641/0008-02;AGIS EQUIPAMENTOS E SERVICOS DE INFORMATICA LTDA            ;540257;72;1;32250768993641000802550010005402571548330725      ;3;2490;7470;7470;7470;4;298,8;18/07/2025;14/08/2025;14/08/2025;2490;83;2407;0;0;2407
NOVO;117539;IMPRESSORA EPSON ECOTANK L6270          ;84433111       ;;;26638;IMPRESSORA EPSON ECOTANK L6270 ;1;EQUIPAMENTOS DE INFORMÁTICA                                 ;11-17;INTELLI IND.TERM.ELETR.LTDA - MATRIZ-TECNOLOGIA DA INFORM. E COMUNIC. T.I.C.;9;APELIDO;68993641/0008-02;AGIS EQUIPAMENTOS E SERVICOS DE INFORMATICA LTDA            ;540257;72;1;32250768993641000802550010005402571548330725      ;3;2490;7470;7470;7470;4;298,8;18/07/2025;14/08/2025;14/08/2025;2490;83;2407;0;0;2407
NOVO;117539;IMPRESSORA EPSON ECOTANK L6270          ;84433111       ;;;26639;IMPRESSORA EPSON ECOTANK L6270 ;1;EQUIPAMENTOS DE INFORMÁTICA                                 ;11-17;INTELLI IND.TERM.ELETR.LTDA - MATRIZ-TECNOLOGIA DA INFORM. E COMUNIC. T.I.C.;9;APELIDO;68993641/0008-02;AGIS EQUIPAMENTOS E SERVICOS DE INFORMATICA LTDA            ;540257;72;1;32250768993641000802550010005402571548330725      ;3;2490;7470;7470;7470;4;298,8;18/07/2025;14/08/2025;14/08/2025;2490;83;2407;0;0;2407
NOVO;54440;AR CONDICIONADO SPLIT 24.000 BTU's      ;84151011       ;;;26640;AR CONDICIONADO SPLIT 24.000 BTU's ;7;MÓVEIS E UTENSÍLIOS                                         ;11-12;INTELLI IND.TERM.ELETR.LTDA - MATRIZ-SECRETARIA;9;APELIDO;18928807/0001-54;UNIAR COMERCIO DE ELETRO-ELETRÔNICOS E SERVIÇOS LTDA        ;1001444;72;2;31250718928807000154550010010014441881833913      ;1;2817,6;2817,6;2817,6;2817,6;12;338,11;25/07/2025;14/08/2025;14/08/2025;4696;78,26;4617,74;0;0;4617,74
NOVO;98804;ASPIRADOR DE PÓ PORTÁTIL                ;99999999       ;;;26641;ASPIRADOR DE PÓ PORTÁTIL ;7;MÓVEIS E UTENSÍLIOS                                         ;14-18;INTELLI IND.TERM.ELETR.LTDA MULTIPLEX-MULTIPLEX 2;9;APELIDO;66185133/0001-98;ORLASOLDA COMERCIO DE EQUIPAMENTOS E SOLDAS LTDA.           ;200864;72;1;35250766185133000198550010002008641292223979      ;1;870;870;870;0;0;0;22/07/2025;15/08/2025;15/08/2025;870;14,5;855,5;0;0;855,5
NOVO;28322;LAVADORA ALTA PRESSÃO                   ;84243010       ;;;26642;LAVADORA ALTA PRESSÃO ;7;MÓVEIS E UTENSÍLIOS                                         ;14-8;INTELLI IND.TERM.ELETR.LTDA MULTIPLEX-PATRIMÔNIO;9;APELIDO;66185133/0001-98;ORLASOLDA COMERCIO DE EQUIPAMENTOS E SOLDAS LTDA.           ;200872;72;1;35250766185133000198550010002008721387802234      ;1;3300;3300;3300;0;0;0;23/07/2025;15/08/2025;15/08/2025;3300;55;3245;0;0;3245
NOVO;104974;KIT 10 RADIOS WALKTALK BAOFENG 777S     ;39241000       ;;;26643;KIT 10 RADIOS WALKTALK BAOFENG 777S ;7;MÓVEIS E UTENSÍLIOS                                         ;14-13;INTELLI IND.TERM.ELETR.LTDA MULTIPLEX-MANUTENÇÃO MECÂNICA;9;APELIDO;24318218/0001-57;WM AUTOMACAO & EQUIPAMENTOS LTDA.                           ;3692;72;1;35250724318218000157550010000036921043277004      ;1;746;746;708,7;0;0;0;28/07/2025;15/08/2025;15/08/2025;708,7;11,82;696,88;0;0;696,88
NOVO;105272;KIT 6 RADIOS WALKTALK BOAFENG 777S      ;85111000       ;;;26644;KIT 6 RADIOS WALKTALK BOAFENG 777S ;7;MÓVEIS E UTENSÍLIOS                                         ;14-13;INTELLI IND.TERM.ELETR.LTDA MULTIPLEX-MANUTENÇÃO MECÂNICA;9;APELIDO;24318218/0001-57;WM AUTOMACAO & EQUIPAMENTOS LTDA.                           ;3697;72;1;35250724318218000157550010000036971043277000      ;1;456;456;437,76;0;0;0;28/07/2025;15/08/2025;15/08/2025;437,76;7,3;430,46;0;0;430,46
NOVO;112432;"ESMERILHADEIRA 5"" 1500W DWE4336-B2 220V ";84672999       ;;;26645;"ESMERILHADEIRA 5"" 1500W DWE4336-B2 220V ";2;FERRAMENTAS                                                 ;11-24;INTELLI IND.TERM.ELETR.LTDA - MATRIZ-FERRAMENTARIA;9;APELIDO;66185133/0001-98;ORLASOLDA COMERCIO DE EQUIPAMENTOS E SOLDAS LTDA.           ;200992;72;1;35250766185133000198550010002009921153883686      ;1;1100;1100;1100;0;0;0;28/07/2025;15/08/2025;15/08/2025;998,25;16,64;981,61;0;0;981,61
NOVO;28411;PAINEL ELETRICO                         ;99999999       ;;;26646;PAINEL ELETRICO ;6;MÁQ EQUIP FABRICA - REAVAL                                  ;14-17;INTELLI IND.TERM.ELETR.LTDA MULTIPLEX-MANUTENÇÃO ELÉTRICA;9;APELIDO;4376504/0003-23;LUCIANO CHIARELO & CIA LTDA.                                ;956;72;1;35250704376504000323550010000009561114872576      ;1;78804,25;78804,25;78804,25;78804,25;12;9456,51;29/07/2025;15/08/2025;15/08/2025;62058,35;1034,3;61024,05;0;0;61024,05
NOVO;38365;TELEFONE SEM FIO                        ;85171100       ;;;26647;TELEFONE SEM FIO ;7;MÓVEIS E UTENSÍLIOS                                         ;14-8;INTELLI IND.TERM.ELETR.LTDA MULTIPLEX-PATRIMÔNIO;9;APELIDO;24318218/0001-57;WM AUTOMACAO & EQUIPAMENTOS LTDA.                           ;3702;72;1;35250724318218000157550010000037021043277002      ;12;186;2232;1998;0;0;0;30/07/2025;15/08/2025;15/08/2025;166,5;2,78;163,72;0;0;163,72
NOVO;38365;TELEFONE SEM FIO                        ;85171100       ;;;26648;TELEFONE SEM FIO ;7;MÓVEIS E UTENSÍLIOS                                         ;14-8;INTELLI IND.TERM.ELETR.LTDA MULTIPLEX-PATRIMÔNIO;9;APELIDO;24318218/0001-57;WM AUTOMACAO & EQUIPAMENTOS LTDA.                           ;3702;72;1;35250724318218000157550010000037021043277002      ;12;186;2232;1998;0;0;0;30/07/2025;15/08/2025;15/08/2025;166,5;2,78;163,72;0;0;163,72
NOVO;38365;TELEFONE SEM FIO                        ;85171100       ;;;26649;TELEFONE SEM FIO ;7;MÓVEIS E UTENSÍLIOS                                         ;14-8;INTELLI IND.TERM.ELETR.LTDA MULTIPLEX-PATRIMÔNIO;9;APELIDO;24318218/0001-57;WM AUTOMACAO & EQUIPAMENTOS LTDA.                           ;3702;72;1;35250724318218000157550010000037021043277002      ;12;186;2232;1998;0;0;0;30/07/2025;15/08/2025;15/08/2025;166,5;2,78;163,72;0;0;163,72
NOVO;38365;TELEFONE SEM FIO                        ;85171100       ;;;26650;TELEFONE SEM FIO ;7;MÓVEIS E UTENSÍLIOS                                         ;14-8;INTELLI IND.TERM.ELETR.LTDA MULTIPLEX-PATRIMÔNIO;9;APELIDO;24318218/0001-57;WM AUTOMACAO & EQUIPAMENTOS LTDA.                           ;3702;72;1;35250724318218000157550010000037021043277002      ;12;186;2232;1998;0;0;0;30/07/2025;15/08/2025;15/08/2025;166,5;2,78;163,72;0;0;163,72
NOVO;38365;TELEFONE SEM FIO                        ;85171100       ;;;26651;TELEFONE SEM FIO ;7;MÓVEIS E UTENSÍLIOS                                         ;14-8;INTELLI IND.TERM.ELETR.LTDA MULTIPLEX-PATRIMÔNIO;9;APELIDO;24318218/0001-57;WM AUTOMACAO & EQUIPAMENTOS LTDA.                           ;3702;72;1;35250724318218000157550010000037021043277002      ;12;186;2232;1998;0;0;0;30/07/2025;15/08/2025;15/08/2025;166,5;2,78;163,72;0;0;163,72
NOVO;38365;TELEFONE SEM FIO                        ;85171100       ;;;26652;TELEFONE SEM FIO ;7;MÓVEIS E UTENSÍLIOS                                         ;14-8;INTELLI IND.TERM.ELETR.LTDA MULTIPLEX-PATRIMÔNIO;9;APELIDO;24318218/0001-57;WM AUTOMACAO & EQUIPAMENTOS LTDA.                           ;3702;72;1;35250724318218000157550010000037021043277002      ;12;186;2232;1998;0;0;0;30/07/2025;15/08/2025;15/08/2025;166,5;2,78;163,72;0;0;163,72
NOVO;38365;TELEFONE SEM FIO                        ;85171100       ;;;26653;TELEFONE SEM FIO ;7;MÓVEIS E UTENSÍLIOS                                         ;14-8;INTELLI IND.TERM.ELETR.LTDA MULTIPLEX-PATRIMÔNIO;9;APELIDO;24318218/0001-57;WM AUTOMACAO & EQUIPAMENTOS LTDA.                           ;3702;72;1;35250724318218000157550010000037021043277002      ;12;186;2232;1998;0;0;0;30/07/2025;15/08/2025;15/08/2025;166,5;2,78;163,72;0;0;163,72
NOVO;38365;TELEFONE SEM FIO                        ;85171100       ;;;26654;TELEFONE SEM FIO ;7;MÓVEIS E UTENSÍLIOS                                         ;14-8;INTELLI IND.TERM.ELETR.LTDA MULTIPLEX-PATRIMÔNIO;9;APELIDO;24318218/0001-57;WM AUTOMACAO & EQUIPAMENTOS LTDA.                           ;3702;72;1;35250724318218000157550010000037021043277002      ;12;186;2232;1998;0;0;0;30/07/2025;15/08/2025;15/08/2025;166,5;2,78;163,72;0;0;163,72
NOVO;38365;TELEFONE SEM FIO                        ;85171100       ;;;26655;TELEFONE SEM FIO ;7;MÓVEIS E UTENSÍLIOS                                         ;14-8;INTELLI IND.TERM.ELETR.LTDA MULTIPLEX-PATRIMÔNIO;9;APELIDO;24318218/0001-57;WM AUTOMACAO & EQUIPAMENTOS LTDA.                           ;3702;72;1;35250724318218000157550010000037021043277002      ;12;186;2232;1998;0;0;0;30/07/2025;15/08/2025;15/08/2025;166,5;2,78;163,72;0;0;163,72
NOVO;38365;TELEFONE SEM FIO                        ;85171100       ;;;26656;TELEFONE SEM FIO ;7;MÓVEIS E UTENSÍLIOS                                         ;14-8;INTELLI IND.TERM.ELETR.LTDA MULTIPLEX-PATRIMÔNIO;9;APELIDO;24318218/0001-57;WM AUTOMACAO & EQUIPAMENTOS LTDA.                           ;3702;72;1;35250724318218000157550010000037021043277002      ;12;186;2232;1998;0;0;0;30/07/2025;15/08/2025;15/08/2025;166,5;2,78;163,72;0;0;163,72
NOVO;38365;TELEFONE SEM FIO                        ;85171100       ;;;26657;TELEFONE SEM FIO ;7;MÓVEIS E UTENSÍLIOS                                         ;14-8;INTELLI IND.TERM.ELETR.LTDA MULTIPLEX-PATRIMÔNIO;9;APELIDO;24318218/0001-57;WM AUTOMACAO & EQUIPAMENTOS LTDA.                           ;3702;72;1;35250724318218000157550010000037021043277002      ;12;186;2232;1998;0;0;0;30/07/2025;15/08/2025;15/08/2025;166,5;2,78;163,72;0;0;163,72
NOVO;38365;TELEFONE SEM FIO                        ;85171100       ;;;26658;TELEFONE SEM FIO ;7;MÓVEIS E UTENSÍLIOS                                         ;14-8;INTELLI IND.TERM.ELETR.LTDA MULTIPLEX-PATRIMÔNIO;9;APELIDO;24318218/0001-57;WM AUTOMACAO & EQUIPAMENTOS LTDA.                           ;3702;72;1;35250724318218000157550010000037021043277002      ;12;186;2232;1998;0;0;0;30/07/2025;15/08/2025;15/08/2025;166,5;2,78;163,72;0;0;163,72
NOVO;14538;ARMARIO                                 ;94036000       ;;;26659;ARMARIO ;7;MÓVEIS E UTENSÍLIOS                                         ;14-8;INTELLI IND.TERM.ELETR.LTDA MULTIPLEX-PATRIMÔNIO;9;APELIDO;9487220/0001-66;FAVARIN & GERVASIO LTDA                                     ;599;72;1;35250809487220000166550010000005991639798503      ;1;980;980;980;0;0;0;01/08/2025;15/08/2025;15/08/2025;980;16,34;963,66;0;0;963,66
NOVO;14538;ARMARIO                                 ;94036000       ;;;26660;ARMARIO ;7;MÓVEIS E UTENSÍLIOS                                         ;14-8;INTELLI IND.TERM.ELETR.LTDA MULTIPLEX-PATRIMÔNIO;9;APELIDO;9487220/0001-66;FAVARIN & GERVASIO LTDA                                     ;599;72;1;35250809487220000166550010000005991639798503      ;1;980;980;980;0;0;0;01/08/2025;15/08/2025;15/08/2025;1670;27,84;1642,16;0;0;1642,16
NOVO;14538;ARMARIO                                 ;94036000       ;;;26661;ESCRIVANINHA ;7;MÓVEIS E UTENSÍLIOS                                         ;14-8;INTELLI IND.TERM.ELETR.LTDA MULTIPLEX-PATRIMÔNIO;9;APELIDO;9487220/0001-66;FAVARIN & GERVASIO LTDA                                     ;599;72;2;35250809487220000166550010000005991639798503      ;1;1670;1670;1670;0;0;0;01/08/2025;15/08/2025;15/08/2025;1000;16,66;983,34;0;0;983,34
NOVO;134865;"MONITOR DELL DE 27"" - P2725H            ";85285200       ;;;26662;"MONITOR DELL DE 27"" - P2725H ";1;EQUIPAMENTOS DE INFORMÁTICA                                 ;11-5;INTELLI IND.TERM.ELETR.LTDA - MATRIZ-COMPRAS;9;APELIDO;72381189/0010-01;DELL COMPUTADORES DO BRASIL LTDA.                           ;7883163;72;1;35250872381189001001550010078831631975434316      ;1;1230;1230;1230;1230;18;221,4;04/08/2025;15/08/2025;15/08/2025;1230;41;1189;0;0;1189
NOVO;121078;MONITOR DELL P2222H                     ;99999999       ;;;26663;MONITOR DELL P2222H ;1;EQUIPAMENTOS DE INFORMÁTICA                                 ;11-17;INTELLI IND.TERM.ELETR.LTDA - MATRIZ-TECNOLOGIA DA INFORM. E COMUNIC. T.I.C.;9;APELIDO;72381189/0010-01;DELL COMPUTADORES DO BRASIL LTDA.                           ;7883440;72;1;35250872381189001001550010078834401907251742      ;9;939,0111;8451,1;8451,1;8451,1;18;1521,2;04/08/2025;15/08/2025;15/08/2025;939,01;31,3;907,71;0;0;907,71
NOVO;121078;MONITOR DELL P2222H                     ;99999999       ;;;26664;MONITOR DELL P2222H ;1;EQUIPAMENTOS DE INFORMÁTICA                                 ;11-17;INTELLI IND.TERM.ELETR.LTDA - MATRIZ-TECNOLOGIA DA INFORM. E COMUNIC. T.I.C.;9;APELIDO;72381189/0010-01;DELL COMPUTADORES DO BRASIL LTDA.                           ;7883440;72;1;35250872381189001001550010078834401907251742      ;9;939,0111;8451,1;8451,1;8451,1;18;1521,2;04/08/2025;15/08/2025;15/08/2025;939,01;31,3;907,71;0;0;907,71
NOVO;121078;MONITOR DELL P2222H                     ;99999999       ;;;26665;MONITOR DELL P2222H ;1;EQUIPAMENTOS DE INFORMÁTICA                                 ;11-17;INTELLI IND.TERM.ELETR.LTDA - MATRIZ-TECNOLOGIA DA INFORM. E COMUNIC. T.I.C.;9;APELIDO;72381189/0010-01;DELL COMPUTADORES DO BRASIL LTDA.                           ;7883440;72;1;35250872381189001001550010078834401907251742      ;9;939,0111;8451,1;8451,1;8451,1;18;1521,2;04/08/2025;15/08/2025;15/08/2025;939,01;31,3;907,71;0;0;907,71
NOVO;121078;MONITOR DELL P2222H                     ;99999999       ;;;26666;MONITOR DELL P2222H ;1;EQUIPAMENTOS DE INFORMÁTICA                                 ;11-17;INTELLI IND.TERM.ELETR.LTDA - MATRIZ-TECNOLOGIA DA INFORM. E COMUNIC. T.I.C.;9;APELIDO;72381189/0010-01;DELL COMPUTADORES DO BRASIL LTDA.                           ;7883440;72;1;35250872381189001001550010078834401907251742      ;9;939,0111;8451,1;8451,1;8451,1;18;1521,2;04/08/2025;15/08/2025;15/08/2025;939,01;31,3;907,71;0;0;907,71
NOVO;121078;MONITOR DELL P2222H                     ;99999999       ;;;26667;MONITOR DELL P2222H ;1;EQUIPAMENTOS DE INFORMÁTICA                                 ;11-17;INTELLI IND.TERM.ELETR.LTDA - MATRIZ-TECNOLOGIA DA INFORM. E COMUNIC. T.I.C.;9;APELIDO;72381189/0010-01;DELL COMPUTADORES DO BRASIL LTDA.                           ;7883440;72;1;35250872381189001001550010078834401907251742      ;9;939,0111;8451,1;8451,1;8451,1;18;1521,2;04/08/2025;15/08/2025;15/08/2025;939,01;31,3;907,71;0;0;907,71
NOVO;121078;MONITOR DELL P2222H                     ;99999999       ;;;26668;MONITOR DELL P2222H ;1;EQUIPAMENTOS DE INFORMÁTICA                                 ;11-17;INTELLI IND.TERM.ELETR.LTDA - MATRIZ-TECNOLOGIA DA INFORM. E COMUNIC. T.I.C.;9;APELIDO;72381189/0010-01;DELL COMPUTADORES DO BRASIL LTDA.                           ;7883440;72;1;35250872381189001001550010078834401907251742      ;9;939,0111;8451,1;8451,1;8451,1;18;1521,2;04/08/2025;15/08/2025;15/08/2025;939,01;31,3;907,71;0;0;907,71
NOVO;121078;MONITOR DELL P2222H                     ;99999999       ;;;26669;MONITOR DELL P2222H ;1;EQUIPAMENTOS DE INFORMÁTICA                                 ;11-17;INTELLI IND.TERM.ELETR.LTDA - MATRIZ-TECNOLOGIA DA INFORM. E COMUNIC. T.I.C.;9;APELIDO;72381189/0010-01;DELL COMPUTADORES DO BRASIL LTDA.                           ;7883440;72;1;35250872381189001001550010078834401907251742      ;9;939,0111;8451,1;8451,1;8451,1;18;1521,2;04/08/2025;15/08/2025;15/08/2025;939,01;31,3;907,71;0;0;907,71
NOVO;121078;MONITOR DELL P2222H                     ;99999999       ;;;26670;MONITOR DELL P2222H ;1;EQUIPAMENTOS DE INFORMÁTICA                                 ;11-17;INTELLI IND.TERM.ELETR.LTDA - MATRIZ-TECNOLOGIA DA INFORM. E COMUNIC. T.I.C.;9;APELIDO;72381189/0010-01;DELL COMPUTADORES DO BRASIL LTDA.                           ;7883440;72;1;35250872381189001001550010078834401907251742      ;9;939,0111;8451,1;8451,1;8451,1;18;1521,2;04/08/2025;15/08/2025;15/08/2025;939,01;31,3;907,71;0;0;907,71
NOVO;121078;MONITOR DELL P2222H                     ;99999999       ;;;26671;MONITOR DELL P2222H ;1;EQUIPAMENTOS DE INFORMÁTICA                                 ;11-17;INTELLI IND.TERM.ELETR.LTDA - MATRIZ-TECNOLOGIA DA INFORM. E COMUNIC. T.I.C.;9;APELIDO;72381189/0010-01;DELL COMPUTADORES DO BRASIL LTDA.                           ;7883440;72;1;35250872381189001001550010078834401907251742      ;9;939,0111;8451,1;8451,1;8451,1;18;1521,2;04/08/2025;15/08/2025;15/08/2025;939,01;31,3;907,71;0;0;907,71
NOVO;123109;BOMBA THL-18-15CV TRIF.                 ;84137090       ;;;26672;BOMBA THL-18-15CV TRIF. ;6;MÁQ EQUIP FABRICA - REAVAL                                  ;14-13;INTELLI IND.TERM.ELETR.LTDA MULTIPLEX-MANUTENÇÃO MECÂNICA;9;APELIDO;20550456/0004-85;ARF COMERCIO DE BOMBAS E MAQUINAS LTDA                      ;10431;72;1;35250820550456000485550010000104311661481702      ;2;7507,8;15015,6;15015,6;7341,13;18;1321,4;11/08/2025;15/08/2025;15/08/2025;6152,62;102,54;6050,08;0;0;6050,08
NOVO;123109;BOMBA THL-18-15CV TRIF.                 ;84137090       ;;;26673;BOMBA THL-18-15CV TRIF. ;6;MÁQ EQUIP FABRICA - REAVAL                                  ;14-13;INTELLI IND.TERM.ELETR.LTDA MULTIPLEX-MANUTENÇÃO MECÂNICA;9;APELIDO;20550456/0004-85;ARF COMERCIO DE BOMBAS E MAQUINAS LTDA                      ;10431;72;1;35250820550456000485550010000104311661481702      ;2;7507,8;15015,6;15015,6;7341,13;18;1321,4;11/08/2025;15/08/2025;15/08/2025;6152,62;102,54;6050,08;0;0;6050,08
NOVO;112432;"ESMERILHADEIRA 5"" 1500W DWE4336-B2 220V ";84672999       ;;;26674;"ESMERILHADEIRA 5"" 1500W DWE4336-B2 220V ";2;FERRAMENTAS                                                 ;14-17;INTELLI IND.TERM.ELETR.LTDA MULTIPLEX-MANUTENÇÃO ELÉTRICA;9;APELIDO;66185133/0001-98;ORLASOLDA COMERCIO DE EQUIPAMENTOS E SOLDAS LTDA.           ;201379;72;1;35250866185133000198550010002013791733330899      ;1;1124,6;1124,6;1124,6;0;0;0;13/08/2025;15/08/2025;15/08/2025;1020,93;17,02;1003,91;0;0;1003,91
NOVO;112432;"ESMERILHADEIRA 5"" 1500W DWE4336-B2 220V ";84672999       ;;;26675;MARTELETE PERFURADOR ROMPEDOR ;2;FERRAMENTAS                                                 ;14-17;INTELLI IND.TERM.ELETR.LTDA MULTIPLEX-MANUTENÇÃO ELÉTRICA;9;APELIDO;66185133/0001-98;ORLASOLDA COMERCIO DE EQUIPAMENTOS E SOLDAS LTDA.           ;201379;72;1;35250866185133000198550010002013791733330899      ;1;1124,6;1124,6;1124,6;0;0;0;13/08/2025;15/08/2025;15/08/2025;1172,49;19,54;1152,95;0;0;1152,95
NOVO;132975;RESERVATÓRIO VERTICAL 1000L - VW1000L   ;84213990       ;;;26676;RESERVATÓRIO VERTICAL 1000L - VW1000L MATERIAL PARA MELHORIA DE PROCESSO DE MOLDADORA FDNX-0;6;MÁQ EQUIP FABRICA - REAVAL                                  ;14-13;INTELLI IND.TERM.ELETR.LTDA MULTIPLEX-MANUTENÇÃO MECÂNICA;9;APELIDO;15121261/0001-37;WOLWER FABRICAÇÃO DE MAQUINAS E COMPRESSORES LTDA           ;3660;72;1;35250715121261000137550010000036601246419071      ;1;18000;18000;18000;18000;3,85;693;03/07/2025;18/08/2025;15/08/2025;15642;260,7;15381,3;0;0;15381,3
NOVO;136769;INVERSOR WEG BRCFW110601T4OYZ           ;85044050       ;;;26677;INVERSOR WEG BRCFW110601T4OYZ ;6;MÁQ EQUIP FABRICA - REAVAL                                  ;12-12;INTELLI IND.TERM.ELETR.LTDA - FUNDIÇÃO-MANUTENÇÃO ELETRICA;9;APELIDO;17186232/0001-89;BUSCARIOLI INDUSTRIA E COMERCIO DE MOTORES ELETRICOS LTDA   ;19976;73;1;35250817186232000189550020000199761271440693      ;1;118000;118000;118000;118000;12;14160;13/08/2025;18/08/2025;18/08/2025;92925;1548,74;91376,26;0;0;91376,26
NOVO;137046;MODULO POTEN.PM-240-2 SINAMICS G12 250A ;85044050       ;;;26678;MODULO POTEN.PM-240-2 SINAMICS G12 250A ;6;MÁQ EQUIP FABRICA - REAVAL                                  ;14-17;INTELLI IND.TERM.ELETR.LTDA MULTIPLEX-MANUTENÇÃO ELÉTRICA;9;APELIDO;8989388/0001-07;BOX DO BRASIL INDUSTRIA METALURGICA LTDA                    ;1927;72;1;35250808989388000107550010000019271754615807      ;1;48995,25;48995,25;48995,25;48995,25;18;8819,15;14/08/2025;19/08/2025;19/08/2025;35644,04;594,06;35049,98;0;0;35049,98
NOVO;129237;APARADOR                                ;94036000       ;;;26679;APARADOR ;7;MÓVEIS E UTENSÍLIOS                                         ;14-8;INTELLI IND.TERM.ELETR.LTDA MULTIPLEX-PATRIMÔNIO;9;APELIDO;9487220/0001-66;FAVARIN & GERVASIO LTDA                                     ;602;72;1;35250809487220000166550010000006021605012920      ;1;2700;2700;2700;0;0;0;15/08/2025;19/08/2025;19/08/2025;2700;45;2655;0;0;2655
NOVO;60576;BEBEDOURO IND INOX MOD 50 LT/H C/2 TORN ;84182900       ;;;26680;BEBEDOURO IND INOX MOD 50 LT/H C/2 TORN ;7;MÓVEIS E UTENSÍLIOS                                         ;14-8;INTELLI IND.TERM.ELETR.LTDA MULTIPLEX-PATRIMÔNIO;9;APELIDO;10462635/0001-64;REFRIGAS ELETRODOMESTICOS ORLANDIA LTDA.                    ;5962;72;1;35250710462635000164550010000059621026038593      ;2;1720;3440;3440;0;0;0;29/07/2025;20/08/2025;19/08/2025;1720;28,66;1691,34;0;0;1691,34
NOVO;60576;BEBEDOURO IND INOX MOD 50 LT/H C/2 TORN ;84182900       ;;;26681;BEBEDOURO IND INOX MOD 50 LT/H C/2 TORN ;7;MÓVEIS E UTENSÍLIOS                                         ;14-8;INTELLI IND.TERM.ELETR.LTDA MULTIPLEX-PATRIMÔNIO;9;APELIDO;10462635/0001-64;REFRIGAS ELETRODOMESTICOS ORLANDIA LTDA.                    ;5962;72;1;35250710462635000164550010000059621026038593      ;2;1720;3440;3440;0;0;0;29/07/2025;20/08/2025;19/08/2025;1720;28,66;1691,34;0;0;1691,34
NOVO;74818;VENTILADOR PAREDE 60CM BIVOLT PREMIUN   ;84145990       ;;;26682;VENTILADOR PAREDE 60CM BIVOLT PREMIUN ;7;MÓVEIS E UTENSÍLIOS                                         ;11-23;INTELLI IND.TERM.ELETR.LTDA - MATRIZ-MANUTENÇÃO ELÉTRICA;9;APELIDO;1847854/0002-51;ELETRO TRANSOL INDUSTRIA E COM DE MATERIAIS ELETRICOS LTDA. ;316719;72;1;35250701847854000251550010003167191913670671      ;2;358,01;716,02;716,02;0;0;0;30/07/2025;20/08/2025;19/08/2025;358,01;5,96;352,05;0;0;352,05
NOVO;74818;VENTILADOR PAREDE 60CM BIVOLT PREMIUN   ;84145990       ;;;26683;VENTILADOR PAREDE 60CM BIVOLT PREMIUN ;7;MÓVEIS E UTENSÍLIOS                                         ;11-23;INTELLI IND.TERM.ELETR.LTDA - MATRIZ-MANUTENÇÃO ELÉTRICA;9;APELIDO;1847854/0002-51;ELETRO TRANSOL INDUSTRIA E COM DE MATERIAIS ELETRICOS LTDA. ;316719;72;1;35250701847854000251550010003167191913670671      ;2;358,01;716,02;716,02;0;0;0;30/07/2025;20/08/2025;19/08/2025;358,01;5,96;352,05;0;0;352,05
NOVO;74818;VENTILADOR PAREDE 60CM BIVOLT PREMIUN   ;84145990       ;;;26684;VENTILADOR OSCL PEDESTAL BIV60CM PREMIUM ;7;MÓVEIS E UTENSÍLIOS                                         ;11-23;INTELLI IND.TERM.ELETR.LTDA - MATRIZ-MANUTENÇÃO ELÉTRICA;9;APELIDO;1847854/0002-51;ELETRO TRANSOL INDUSTRIA E COM DE MATERIAIS ELETRICOS LTDA. ;316719;72;1;35250701847854000251550010003167191913670671      ;2;358,01;716,02;716,02;0;0;0;30/07/2025;20/08/2025;20/08/2025;514,24;8,58;505,66;0;0;505,66
NOVO;74818;VENTILADOR PAREDE 60CM BIVOLT PREMIUN   ;84145990       ;;;26685;VENTILADOR OSCL PEDESTAL BIV60CM PREMIUM ;7;MÓVEIS E UTENSÍLIOS                                         ;11-23;INTELLI IND.TERM.ELETR.LTDA - MATRIZ-MANUTENÇÃO ELÉTRICA;9;APELIDO;1847854/0002-51;ELETRO TRANSOL INDUSTRIA E COM DE MATERIAIS ELETRICOS LTDA. ;316719;72;1;35250701847854000251550010003167191913670671      ;2;358,01;716,02;716,02;0;0;0;30/07/2025;20/08/2025;20/08/2025;514,24;8,58;505,66;0;0;505,66
NOVO;137028;MESA RETA 1,30 X 0,60                   ;94033000       ;;;26686;MESA RETA 1,30 X 0,60 ;7;MÓVEIS E UTENSÍLIOS                                         ;11-5;INTELLI IND.TERM.ELETR.LTDA - MATRIZ-COMPRAS;9;APELIDO;12259056/0001-44;DANILO BELATO - ME                                          ;4829;72;1;35250712259056000144550010000048291805268000      ;6;546,24;3277,44;3277,44;0;0;0;25/07/2025;21/08/2025;21/08/2025;546,24;9,1;537,14;0;0;537,14
NOVO;137028;MESA RETA 1,30 X 0,60                   ;94033000       ;;;26687;MESA RETA 1,30 X 0,60 ;7;MÓVEIS E UTENSÍLIOS                                         ;11-5;INTELLI IND.TERM.ELETR.LTDA - MATRIZ-COMPRAS;9;APELIDO;12259056/0001-44;DANILO BELATO - ME                                          ;4829;72;1;35250712259056000144550010000048291805268000      ;6;546,24;3277,44;3277,44;0;0;0;25/07/2025;21/08/2025;21/08/2025;546,24;9,1;537,14;0;0;537,14
NOVO;137028;MESA RETA 1,30 X 0,60                   ;94033000       ;;;26688;MESA RETA 1,30 X 0,60 ;7;MÓVEIS E UTENSÍLIOS                                         ;11-5;INTELLI IND.TERM.ELETR.LTDA - MATRIZ-COMPRAS;9;APELIDO;12259056/0001-44;DANILO BELATO - ME                                          ;4829;72;1;35250712259056000144550010000048291805268000      ;6;546,24;3277,44;3277,44;0;0;0;25/07/2025;21/08/2025;21/08/2025;546,24;9,1;537,14;0;0;537,14
NOVO;137028;MESA RETA 1,30 X 0,60                   ;94033000       ;;;26689;MESA RETA 1,30 X 0,60 ;7;MÓVEIS E UTENSÍLIOS                                         ;11-5;INTELLI IND.TERM.ELETR.LTDA - MATRIZ-COMPRAS;9;APELIDO;12259056/0001-44;DANILO BELATO - ME                                          ;4829;72;1;35250712259056000144550010000048291805268000      ;6;546,24;3277,44;3277,44;0;0;0;25/07/2025;21/08/2025;21/08/2025;546,24;9,1;537,14;0;0;537,14
NOVO;137028;MESA RETA 1,30 X 0,60                   ;94033000       ;;;26690;MESA RETA 1,30 X 0,60 ;7;MÓVEIS E UTENSÍLIOS                                         ;11-5;INTELLI IND.TERM.ELETR.LTDA - MATRIZ-COMPRAS;9;APELIDO;12259056/0001-44;DANILO BELATO - ME                                          ;4829;72;1;35250712259056000144550010000048291805268000      ;6;546,24;3277,44;3277,44;0;0;0;25/07/2025;21/08/2025;21/08/2025;546,24;9,1;537,14;0;0;537,14
NOVO;137028;MESA RETA 1,30 X 0,60                   ;94033000       ;;;26691;MESA RETA 1,30 X 0,60 ;7;MÓVEIS E UTENSÍLIOS                                         ;11-5;INTELLI IND.TERM.ELETR.LTDA - MATRIZ-COMPRAS;9;APELIDO;12259056/0001-44;DANILO BELATO - ME                                          ;4829;72;1;35250712259056000144550010000048291805268000      ;6;546,24;3277,44;3277,44;0;0;0;25/07/2025;21/08/2025;21/08/2025;546,24;9,1;537,14;0;0;537,14
NOVO;137028;MESA RETA 1,30 X 0,60                   ;94033000       ;;;26692;MESA RETA 1,40,X 0,60 ;7;MÓVEIS E UTENSÍLIOS                                         ;11-5;INTELLI IND.TERM.ELETR.LTDA - MATRIZ-COMPRAS;9;APELIDO;12259056/0001-44;DANILO BELATO - ME                                          ;4829;72;1;35250712259056000144550010000048291805268000      ;6;546,24;3277,44;3277,44;0;0;0;25/07/2025;21/08/2025;21/08/2025;560,37;9,34;551,03;0;0;551,03
NOVO;137028;MESA RETA 1,30 X 0,60                   ;94033000       ;;;26693;BIOMBO SUSP 130X50 ;7;MÓVEIS E UTENSÍLIOS                                         ;11-5;INTELLI IND.TERM.ELETR.LTDA - MATRIZ-COMPRAS;9;APELIDO;12259056/0001-44;DANILO BELATO - ME                                          ;4829;72;1;35250712259056000144550010000048291805268000      ;6;546,24;3277,44;3277,44;0;0;0;25/07/2025;21/08/2025;21/08/2025;310,79;5,18;305,61;0;0;305,61
NOVO;137028;MESA RETA 1,30 X 0,60                   ;94033000       ;;;26694;BIOMBO SUSP 130X50 ;7;MÓVEIS E UTENSÍLIOS                                         ;11-5;INTELLI IND.TERM.ELETR.LTDA - MATRIZ-COMPRAS;9;APELIDO;12259056/0001-44;DANILO BELATO - ME                                          ;4829;72;1;35250712259056000144550010000048291805268000      ;6;546,24;3277,44;3277,44;0;0;0;25/07/2025;21/08/2025;21/08/2025;310,79;5,18;305,61;0;0;305,61
NOVO;137028;MESA RETA 1,30 X 0,60                   ;94033000       ;;;26695;BIOMBO SUSP 130X50 ;7;MÓVEIS E UTENSÍLIOS                                         ;11-5;INTELLI IND.TERM.ELETR.LTDA - MATRIZ-COMPRAS;9;APELIDO;12259056/0001-44;DANILO BELATO - ME                                          ;4829;72;1;35250712259056000144550010000048291805268000      ;6;546,24;3277,44;3277,44;0;0;0;25/07/2025;21/08/2025;21/08/2025;310,79;5,18;305,61;0;0;305,61
NOVO;137028;MESA RETA 1,30 X 0,60                   ;94033000       ;;;26696;MESA AUX PFM 140 X 60 ;7;MÓVEIS E UTENSÍLIOS                                         ;11-5;INTELLI IND.TERM.ELETR.LTDA - MATRIZ-COMPRAS;9;APELIDO;12259056/0001-44;DANILO BELATO - ME                                          ;4829;72;1;35250712259056000144550010000048291805268000      ;6;546,24;3277,44;3277,44;0;0;0;25/07/2025;21/08/2025;21/08/2025;659,25;10,98;648,27;0;0;648,27
NOVO;137028;MESA RETA 1,30 X 0,60                   ;94033000       ;;;26697;MESA AUX PFM 140 X 60 ;7;MÓVEIS E UTENSÍLIOS                                         ;11-5;INTELLI IND.TERM.ELETR.LTDA - MATRIZ-COMPRAS;9;APELIDO;12259056/0001-44;DANILO BELATO - ME                                          ;4829;72;1;35250712259056000144550010000048291805268000      ;6;546,24;3277,44;3277,44;0;0;0;25/07/2025;21/08/2025;21/08/2025;659,25;10,98;648,27;0;0;648,27
NOVO;137028;MESA RETA 1,30 X 0,60                   ;94033000       ;;;26698;MESA RETA PAINEL 180X60 ;7;MÓVEIS E UTENSÍLIOS                                         ;11-5;INTELLI IND.TERM.ELETR.LTDA - MATRIZ-COMPRAS;9;APELIDO;12259056/0001-44;DANILO BELATO - ME                                          ;4829;72;1;35250712259056000144550010000048291805268000      ;6;546,24;3277,44;3277,44;0;0;0;25/07/2025;21/08/2025;21/08/2025;1111,31;18,52;1092,79;0;0;1092,79
NOVO;137028;MESA RETA 1,30 X 0,60                   ;94033000       ;;;26699;MESA RETA PAINEL 180X60 ;7;MÓVEIS E UTENSÍLIOS                                         ;11-5;INTELLI IND.TERM.ELETR.LTDA - MATRIZ-COMPRAS;9;APELIDO;12259056/0001-44;DANILO BELATO - ME                                          ;4829;72;1;35250712259056000144550010000048291805268000      ;6;546,24;3277,44;3277,44;0;0;0;25/07/2025;21/08/2025;21/08/2025;1111,31;18,52;1092,79;0;0;1092,79
NOVO;137028;MESA RETA 1,30 X 0,60                   ;94033000       ;;;26700;ARMARIO BAIXO 80X50 ;7;MÓVEIS E UTENSÍLIOS                                         ;11-5;INTELLI IND.TERM.ELETR.LTDA - MATRIZ-COMPRAS;9;APELIDO;12259056/0001-44;DANILO BELATO - ME                                          ;4829;72;1;35250712259056000144550010000048291805268000      ;6;546,24;3277,44;3277,44;0;0;0;25/07/2025;21/08/2025;21/08/2025;696,92;11,62;685,3;0;0;685,3
NOVO;137028;MESA RETA 1,30 X 0,60                   ;94033000       ;;;26701;ARMARIO BAIXO 80X50 ;7;MÓVEIS E UTENSÍLIOS                                         ;11-5;INTELLI IND.TERM.ELETR.LTDA - MATRIZ-COMPRAS;9;APELIDO;12259056/0001-44;DANILO BELATO - ME                                          ;4829;72;1;35250712259056000144550010000048291805268000      ;6;546,24;3277,44;3277,44;0;0;0;25/07/2025;21/08/2025;21/08/2025;696,92;11,62;685,3;0;0;685,3
NOVO;137028;MESA RETA 1,30 X 0,60                   ;94033000       ;;;26702;ARMARIO BAIXO 80X50 ;7;MÓVEIS E UTENSÍLIOS                                         ;11-5;INTELLI IND.TERM.ELETR.LTDA - MATRIZ-COMPRAS;9;APELIDO;12259056/0001-44;DANILO BELATO - ME                                          ;4829;72;1;35250712259056000144550010000048291805268000      ;6;546,24;3277,44;3277,44;0;0;0;25/07/2025;21/08/2025;21/08/2025;696,92;11,62;685,3;0;0;685,3
NOVO;137028;MESA RETA 1,30 X 0,60                   ;94033000       ;;;26703;ARMARIO BAIXO 80X50 ;7;MÓVEIS E UTENSÍLIOS                                         ;11-5;INTELLI IND.TERM.ELETR.LTDA - MATRIZ-COMPRAS;9;APELIDO;12259056/0001-44;DANILO BELATO - ME                                          ;4829;72;1;35250712259056000144550010000048291805268000      ;6;546,24;3277,44;3277,44;0;0;0;25/07/2025;21/08/2025;21/08/2025;696,92;11,62;685,3;0;0;685,3
NOVO;137028;MESA RETA 1,30 X 0,60                   ;94033000       ;;;26704;ARMARIO BAIXO 80X50 ;7;MÓVEIS E UTENSÍLIOS                                         ;11-5;INTELLI IND.TERM.ELETR.LTDA - MATRIZ-COMPRAS;9;APELIDO;12259056/0001-44;DANILO BELATO - ME                                          ;4829;72;1;35250712259056000144550010000048291805268000      ;6;546,24;3277,44;3277,44;0;0;0;25/07/2025;21/08/2025;21/08/2025;696,92;11,62;685,3;0;0;685,3
NOVO;137028;MESA RETA 1,30 X 0,60                   ;94033000       ;;;26705;ARMARIO BAIXO 80X50 ;7;MÓVEIS E UTENSÍLIOS                                         ;11-5;INTELLI IND.TERM.ELETR.LTDA - MATRIZ-COMPRAS;9;APELIDO;12259056/0001-44;DANILO BELATO - ME                                          ;4829;72;1;35250712259056000144550010000048291805268000      ;6;546,24;3277,44;3277,44;0;0;0;25/07/2025;21/08/2025;21/08/2025;696,92;11,62;685,3;0;0;685,3
NOVO;137028;MESA RETA 1,30 X 0,60                   ;94033000       ;;;26706;ARMARIO BAIXO 160X50 ;7;MÓVEIS E UTENSÍLIOS                                         ;11-5;INTELLI IND.TERM.ELETR.LTDA - MATRIZ-COMPRAS;9;APELIDO;12259056/0001-44;DANILO BELATO - ME                                          ;4829;72;1;35250712259056000144550010000048291805268000      ;6;546,24;3277,44;3277,44;0;0;0;25/07/2025;21/08/2025;21/08/2025;2905,08;48,42;2856,66;0;0;2856,66
NOVO;137028;MESA RETA 1,30 X 0,60                   ;94033000       ;;;26707;ARMARIO BAIXO 160X50 ;7;MÓVEIS E UTENSÍLIOS                                         ;11-5;INTELLI IND.TERM.ELETR.LTDA - MATRIZ-COMPRAS;9;APELIDO;12259056/0001-44;DANILO BELATO - ME                                          ;4829;72;1;35250712259056000144550010000048291805268000      ;6;546,24;3277,44;3277,44;0;0;0;25/07/2025;21/08/2025;21/08/2025;1619,88;27;1592,88;0;0;1592,88
NOVO;137028;MESA RETA 1,30 X 0,60                   ;94033000       ;;;26708;MESA REU REDONDA 1,20 ;7;MÓVEIS E UTENSÍLIOS                                         ;11-5;INTELLI IND.TERM.ELETR.LTDA - MATRIZ-COMPRAS;9;APELIDO;12259056/0001-44;DANILO BELATO - ME                                          ;4829;72;1;35250712259056000144550010000048291805268000      ;6;546,24;3277,44;3277,44;0;0;0;25/07/2025;21/08/2025;21/08/2025;696,92;11,62;685,3;0;0;685,3
NOVO;137028;MESA RETA 1,30 X 0,60                   ;94033000       ;;;26709;GAVETEIRO C 3 GAVETA TRADICIONAL ;7;MÓVEIS E UTENSÍLIOS                                         ;11-5;INTELLI IND.TERM.ELETR.LTDA - MATRIZ-COMPRAS;9;APELIDO;12259056/0001-44;DANILO BELATO - ME                                          ;4829;72;1;35250712259056000144550010000048291805268000      ;6;546,24;3277,44;3277,44;0;0;0;25/07/2025;21/08/2025;21/08/2025;762,85;12,72;750,13;0;0;750,13
NOVO;137028;MESA RETA 1,30 X 0,60                   ;94033000       ;;;26710;ARMARIO ALTO ;7;MÓVEIS E UTENSÍLIOS                                         ;11-5;INTELLI IND.TERM.ELETR.LTDA - MATRIZ-COMPRAS;9;APELIDO;12259056/0001-44;DANILO BELATO - ME                                          ;4829;72;1;35250712259056000144550010000048291805268000      ;6;546,24;3277,44;3277,44;0;0;0;25/07/2025;21/08/2025;21/08/2025;1478,61;24,64;1453,97;0;0;1453,97
NOVO;137028;MESA RETA 1,30 X 0,60                   ;94033000       ;;;26711;ARMARIO TORRE 30X62 ;7;MÓVEIS E UTENSÍLIOS                                         ;11-5;INTELLI IND.TERM.ELETR.LTDA - MATRIZ-COMPRAS;9;APELIDO;12259056/0001-44;DANILO BELATO - ME                                          ;4829;72;1;35250712259056000144550010000048291805268000      ;6;546,24;3277,44;3277,44;0;0;0;25/07/2025;21/08/2025;21/08/2025;649,84;10,84;639;0;0;639
NOVO;137028;MESA RETA 1,30 X 0,60                   ;94033000       ;;;26712;ARMARIO TORRE 30X62 ;7;MÓVEIS E UTENSÍLIOS                                         ;11-5;INTELLI IND.TERM.ELETR.LTDA - MATRIZ-COMPRAS;9;APELIDO;12259056/0001-44;DANILO BELATO - ME                                          ;4829;72;1;35250712259056000144550010000048291805268000      ;6;546,24;3277,44;3277,44;0;0;0;25/07/2025;21/08/2025;21/08/2025;649,84;10,84;639;0;0;639
NOVO;137028;MESA RETA 1,30 X 0,60                   ;94033000       ;;;26713;ARMARIO TORRE 30X62 ;7;MÓVEIS E UTENSÍLIOS                                         ;11-5;INTELLI IND.TERM.ELETR.LTDA - MATRIZ-COMPRAS;9;APELIDO;12259056/0001-44;DANILO BELATO - ME                                          ;4829;72;1;35250712259056000144550010000048291805268000      ;6;546,24;3277,44;3277,44;0;0;0;25/07/2025;21/08/2025;21/08/2025;649,84;10,84;639;0;0;639
NOVO;137028;MESA RETA 1,30 X 0,60                   ;94033000       ;;;26714;ARMARIO TORRE 30X62 ;7;MÓVEIS E UTENSÍLIOS                                         ;11-5;INTELLI IND.TERM.ELETR.LTDA - MATRIZ-COMPRAS;9;APELIDO;12259056/0001-44;DANILO BELATO - ME                                          ;4829;72;1;35250712259056000144550010000048291805268000      ;6;546,24;3277,44;3277,44;0;0;0;25/07/2025;21/08/2025;21/08/2025;649,84;10,84;639;0;0;639
NOVO;137028;MESA RETA 1,30 X 0,60                   ;94033000       ;;;26715;ARMARIO TORRE 30X62 ;7;MÓVEIS E UTENSÍLIOS                                         ;11-5;INTELLI IND.TERM.ELETR.LTDA - MATRIZ-COMPRAS;9;APELIDO;12259056/0001-44;DANILO BELATO - ME                                          ;4829;72;1;35250712259056000144550010000048291805268000      ;6;546,24;3277,44;3277,44;0;0;0;25/07/2025;21/08/2025;21/08/2025;649,84;10,84;639;0;0;639
NOVO;137028;MESA RETA 1,30 X 0,60                   ;94033000       ;;;26716;ARMARIO TORRE 30X62 ;7;MÓVEIS E UTENSÍLIOS                                         ;11-5;INTELLI IND.TERM.ELETR.LTDA - MATRIZ-COMPRAS;9;APELIDO;12259056/0001-44;DANILO BELATO - ME                                          ;4829;72;1;35250712259056000144550010000048291805268000      ;6;546,24;3277,44;3277,44;0;0;0;25/07/2025;21/08/2025;21/08/2025;649,84;10,84;639;0;0;639
NOVO;120351;CAMERA INTEL VHD1130 B30M 2,8MMG7 BULLET;99999999       ;;;26717;CAMERA INTEL VHD1130 B30M 2,8MMG7 BULLET ;1;EQUIPAMENTOS DE INFORMÁTICA                                 ;14-17;INTELLI IND.TERM.ELETR.LTDA MULTIPLEX-MANUTENÇÃO ELÉTRICA;9;APELIDO;9628632/0001-79;O M  NETWORK E SEGURANCA ELETRONICA LTDA                    ;9992;72;1;35250709628632000179550010000099921184258730      ;10;185;1850;1910;60;0;0;29/07/2025;21/08/2025;21/08/2025;191;6,36;184,64;0;0;184,64
NOVO;120351;CAMERA INTEL VHD1130 B30M 2,8MMG7 BULLET;99999999       ;;;26718;CAMERA INTEL VHD1130 B30M 2,8MMG7 BULLET ;1;EQUIPAMENTOS DE INFORMÁTICA                                 ;14-17;INTELLI IND.TERM.ELETR.LTDA MULTIPLEX-MANUTENÇÃO ELÉTRICA;9;APELIDO;9628632/0001-79;O M  NETWORK E SEGURANCA ELETRONICA LTDA                    ;9992;72;1;35250709628632000179550010000099921184258730      ;10;185;1850;1910;60;0;0;29/07/2025;21/08/2025;21/08/2025;191;6,36;184,64;0;0;184,64
NOVO;120351;CAMERA INTEL VHD1130 B30M 2,8MMG7 BULLET;99999999       ;;;26719;CAMERA INTEL VHD1130 B30M 2,8MMG7 BULLET ;1;EQUIPAMENTOS DE INFORMÁTICA                                 ;14-17;INTELLI IND.TERM.ELETR.LTDA MULTIPLEX-MANUTENÇÃO ELÉTRICA;9;APELIDO;9628632/0001-79;O M  NETWORK E SEGURANCA ELETRONICA LTDA                    ;9992;72;1;35250709628632000179550010000099921184258730      ;10;185;1850;1910;60;0;0;29/07/2025;21/08/2025;21/08/2025;191;6,36;184,64;0;0;184,64
NOVO;120351;CAMERA INTEL VHD1130 B30M 2,8MMG7 BULLET;99999999       ;;;26720;CAMERA INTEL VHD1130 B30M 2,8MMG7 BULLET ;1;EQUIPAMENTOS DE INFORMÁTICA                                 ;14-17;INTELLI IND.TERM.ELETR.LTDA MULTIPLEX-MANUTENÇÃO ELÉTRICA;9;APELIDO;9628632/0001-79;O M  NETWORK E SEGURANCA ELETRONICA LTDA                    ;9992;72;1;35250709628632000179550010000099921184258730      ;10;185;1850;1910;60;0;0;29/07/2025;21/08/2025;21/08/2025;191;6,36;184,64;0;0;184,64
NOVO;120351;CAMERA INTEL VHD1130 B30M 2,8MMG7 BULLET;99999999       ;;;26721;CAMERA INTEL VHD1130 B30M 2,8MMG7 BULLET ;1;EQUIPAMENTOS DE INFORMÁTICA                                 ;14-17;INTELLI IND.TERM.ELETR.LTDA MULTIPLEX-MANUTENÇÃO ELÉTRICA;9;APELIDO;9628632/0001-79;O M  NETWORK E SEGURANCA ELETRONICA LTDA                    ;9992;72;1;35250709628632000179550010000099921184258730      ;10;185;1850;1910;60;0;0;29/07/2025;21/08/2025;21/08/2025;191;6,36;184,64;0;0;184,64
NOVO;120351;CAMERA INTEL VHD1130 B30M 2,8MMG7 BULLET;99999999       ;;;26722;CAMERA INTEL VHD1130 B30M 2,8MMG7 BULLET ;1;EQUIPAMENTOS DE INFORMÁTICA                                 ;14-17;INTELLI IND.TERM.ELETR.LTDA MULTIPLEX-MANUTENÇÃO ELÉTRICA;9;APELIDO;9628632/0001-79;O M  NETWORK E SEGURANCA ELETRONICA LTDA                    ;9992;72;1;35250709628632000179550010000099921184258730      ;10;185;1850;1910;60;0;0;29/07/2025;21/08/2025;21/08/2025;191;6,36;184,64;0;0;184,64
NOVO;120351;CAMERA INTEL VHD1130 B30M 2,8MMG7 BULLET;99999999       ;;;26723;CAMERA INTEL VHD1130 B30M 2,8MMG7 BULLET ;1;EQUIPAMENTOS DE INFORMÁTICA                                 ;14-17;INTELLI IND.TERM.ELETR.LTDA MULTIPLEX-MANUTENÇÃO ELÉTRICA;9;APELIDO;9628632/0001-79;O M  NETWORK E SEGURANCA ELETRONICA LTDA                    ;9992;72;1;35250709628632000179550010000099921184258730      ;10;185;1850;1910;60;0;0;29/07/2025;21/08/2025;21/08/2025;191;6,36;184,64;0;0;184,64
NOVO;120351;CAMERA INTEL VHD1130 B30M 2,8MMG7 BULLET;99999999       ;;;26724;CAMERA INTEL VHD1130 B30M 2,8MMG7 BULLET ;1;EQUIPAMENTOS DE INFORMÁTICA                                 ;14-17;INTELLI IND.TERM.ELETR.LTDA MULTIPLEX-MANUTENÇÃO ELÉTRICA;9;APELIDO;9628632/0001-79;O M  NETWORK E SEGURANCA ELETRONICA LTDA                    ;9992;72;1;35250709628632000179550010000099921184258730      ;10;185;1850;1910;60;0;0;29/07/2025;21/08/2025;21/08/2025;191;6,36;184,64;0;0;184,64
NOVO;120351;CAMERA INTEL VHD1130 B30M 2,8MMG7 BULLET;99999999       ;;;26725;CAMERA INTEL VHD1130 B30M 2,8MMG7 BULLET ;1;EQUIPAMENTOS DE INFORMÁTICA                                 ;14-17;INTELLI IND.TERM.ELETR.LTDA MULTIPLEX-MANUTENÇÃO ELÉTRICA;9;APELIDO;9628632/0001-79;O M  NETWORK E SEGURANCA ELETRONICA LTDA                    ;9992;72;1;35250709628632000179550010000099921184258730      ;10;185;1850;1910;60;0;0;29/07/2025;21/08/2025;21/08/2025;191;6,36;184,64;0;0;184,64
NOVO;120351;CAMERA INTEL VHD1130 B30M 2,8MMG7 BULLET;99999999       ;;;26726;CAMERA INTEL VHD1130 B30M 2,8MMG7 BULLET ;1;EQUIPAMENTOS DE INFORMÁTICA                                 ;14-17;INTELLI IND.TERM.ELETR.LTDA MULTIPLEX-MANUTENÇÃO ELÉTRICA;9;APELIDO;9628632/0001-79;O M  NETWORK E SEGURANCA ELETRONICA LTDA                    ;9992;72;1;35250709628632000179550010000099921184258730      ;10;185;1850;1910;60;0;0;29/07/2025;21/08/2025;21/08/2025;191;6,36;184,64;0;0;184,64
NOVO;11505;CADEIRA                                 ;83024900       ;;;26727;CADEIRA ;7;MÓVEIS E UTENSÍLIOS                                         ;17-7;INTELLI IND. TERM. ELETR. - COMMERCIALE-INJETORA;9;APELIDO;11018053/0001-56;ABSOLUTA MOVEIS PARA ESCRITÓRIO LTDA ME                     ;11683;72;1;35250711018053000156550010000116831848930692      ;5;560;2800;2800;0;0;0;30/07/2025;21/08/2025;21/08/2025;560;9,34;550,66;0;0;550,66
NOVO;11505;CADEIRA                                 ;83024900       ;;;26728;CADEIRA ;7;MÓVEIS E UTENSÍLIOS                                         ;17-7;INTELLI IND. TERM. ELETR. - COMMERCIALE-INJETORA;9;APELIDO;11018053/0001-56;ABSOLUTA MOVEIS PARA ESCRITÓRIO LTDA ME                     ;11683;72;1;35250711018053000156550010000116831848930692      ;5;560;2800;2800;0;0;0;30/07/2025;21/08/2025;21/08/2025;560;9,34;550,66;0;0;550,66
NOVO;11505;CADEIRA                                 ;83024900       ;;;26729;CADEIRA ;7;MÓVEIS E UTENSÍLIOS                                         ;17-7;INTELLI IND. TERM. ELETR. - COMMERCIALE-INJETORA;9;APELIDO;11018053/0001-56;ABSOLUTA MOVEIS PARA ESCRITÓRIO LTDA ME                     ;11683;72;1;35250711018053000156550010000116831848930692      ;5;560;2800;2800;0;0;0;30/07/2025;21/08/2025;21/08/2025;560;9,34;550,66;0;0;550,66
NOVO;11505;CADEIRA                                 ;83024900       ;;;26730;CADEIRA ;7;MÓVEIS E UTENSÍLIOS                                         ;17-7;INTELLI IND. TERM. ELETR. - COMMERCIALE-INJETORA;9;APELIDO;11018053/0001-56;ABSOLUTA MOVEIS PARA ESCRITÓRIO LTDA ME                     ;11683;72;1;35250711018053000156550010000116831848930692      ;5;560;2800;2800;0;0;0;30/07/2025;21/08/2025;21/08/2025;560;9,34;550,66;0;0;550,66
NOVO;11505;CADEIRA                                 ;83024900       ;;;26731;CADEIRA ;7;MÓVEIS E UTENSÍLIOS                                         ;17-7;INTELLI IND. TERM. ELETR. - COMMERCIALE-INJETORA;9;APELIDO;11018053/0001-56;ABSOLUTA MOVEIS PARA ESCRITÓRIO LTDA ME                     ;11683;72;1;35250711018053000156550010000116831848930692      ;5;560;2800;2800;0;0;0;30/07/2025;21/08/2025;21/08/2025;560;9,34;550,66;0;0;550,66
NOVO;11505;CADEIRA                                 ;83024900       ;;;26732;CADEIRA ;7;MÓVEIS E UTENSÍLIOS                                         ;16-2;INTELLI IND. TERM. ELETR. - MONTAGGIO-LINHA DE EMBALAGEM;9;APELIDO;11018053/0001-56;ABSOLUTA MOVEIS PARA ESCRITÓRIO LTDA ME                     ;11683;72;1;35250711018053000156550010000116831848930692      ;5;560;2800;2800;0;0;0;30/07/2025;21/08/2025;21/08/2025;495;8,24;486,76;0;0;486,76
NOVO;11505;CADEIRA                                 ;83024900       ;;;26733;CADEIRA ;7;MÓVEIS E UTENSÍLIOS                                         ;16-2;INTELLI IND. TERM. ELETR. - MONTAGGIO-LINHA DE EMBALAGEM;9;APELIDO;11018053/0001-56;ABSOLUTA MOVEIS PARA ESCRITÓRIO LTDA ME                     ;11683;72;1;35250711018053000156550010000116831848930692      ;5;560;2800;2800;0;0;0;30/07/2025;21/08/2025;21/08/2025;495;8,24;486,76;0;0;486,76
NOVO;11505;CADEIRA                                 ;83024900       ;;;26734;CADEIRA ;7;MÓVEIS E UTENSÍLIOS                                         ;16-2;INTELLI IND. TERM. ELETR. - MONTAGGIO-LINHA DE EMBALAGEM;9;APELIDO;11018053/0001-56;ABSOLUTA MOVEIS PARA ESCRITÓRIO LTDA ME                     ;11683;72;1;35250711018053000156550010000116831848930692      ;5;560;2800;2800;0;0;0;30/07/2025;21/08/2025;21/08/2025;495;8,24;486,76;0;0;486,76
NOVO;11505;CADEIRA                                 ;83024900       ;;;26735;CADEIRA ;7;MÓVEIS E UTENSÍLIOS                                         ;16-2;INTELLI IND. TERM. ELETR. - MONTAGGIO-LINHA DE EMBALAGEM;9;APELIDO;11018053/0001-56;ABSOLUTA MOVEIS PARA ESCRITÓRIO LTDA ME                     ;11683;72;1;35250711018053000156550010000116831848930692      ;5;560;2800;2800;0;0;0;30/07/2025;21/08/2025;21/08/2025;495;8,24;486,76;0;0;486,76
NOVO;11505;CADEIRA                                 ;83024900       ;;;26736;CADEIRA ;7;MÓVEIS E UTENSÍLIOS                                         ;16-2;INTELLI IND. TERM. ELETR. - MONTAGGIO-LINHA DE EMBALAGEM;9;APELIDO;11018053/0001-56;ABSOLUTA MOVEIS PARA ESCRITÓRIO LTDA ME                     ;11683;72;1;35250711018053000156550010000116831848930692      ;5;560;2800;2800;0;0;0;30/07/2025;21/08/2025;21/08/2025;495;8,24;486,76;0;0;486,76
NOVO;11505;CADEIRA                                 ;83024900       ;;;26737;CADEIRA ;7;MÓVEIS E UTENSÍLIOS                                         ;16-2;INTELLI IND. TERM. ELETR. - MONTAGGIO-LINHA DE EMBALAGEM;9;APELIDO;11018053/0001-56;ABSOLUTA MOVEIS PARA ESCRITÓRIO LTDA ME                     ;11683;72;1;35250711018053000156550010000116831848930692      ;5;560;2800;2800;0;0;0;30/07/2025;21/08/2025;21/08/2025;495;8,24;486,76;0;0;486,76
NOVO;11505;CADEIRA                                 ;83024900       ;;;26738;CADEIRA ;7;MÓVEIS E UTENSÍLIOS                                         ;16-1;INTELLI IND. TERM. ELETR. - MONTAGGIO-LINHA DE MONTAGEM;9;APELIDO;11018053/0001-56;ABSOLUTA MOVEIS PARA ESCRITÓRIO LTDA ME                     ;11683;72;1;35250711018053000156550010000116831848930692      ;5;560;2800;2800;0;0;0;30/07/2025;21/08/2025;21/08/2025;495;8,24;486,76;0;0;486,76
NOVO;11505;CADEIRA                                 ;83024900       ;;;26739;CADEIRA ;7;MÓVEIS E UTENSÍLIOS                                         ;16-1;INTELLI IND. TERM. ELETR. - MONTAGGIO-LINHA DE MONTAGEM;9;APELIDO;11018053/0001-56;ABSOLUTA MOVEIS PARA ESCRITÓRIO LTDA ME                     ;11683;72;1;35250711018053000156550010000116831848930692      ;5;560;2800;2800;0;0;0;30/07/2025;21/08/2025;21/08/2025;495;8,24;486,76;0;0;486,76
NOVO;11505;CADEIRA                                 ;83024900       ;;;26740;CADEIRA ;7;MÓVEIS E UTENSÍLIOS                                         ;16-1;INTELLI IND. TERM. ELETR. - MONTAGGIO-LINHA DE MONTAGEM;9;APELIDO;11018053/0001-56;ABSOLUTA MOVEIS PARA ESCRITÓRIO LTDA ME                     ;11683;72;1;35250711018053000156550010000116831848930692      ;5;560;2800;2800;0;0;0;30/07/2025;21/08/2025;21/08/2025;495;8,24;486,76;0;0;486,76
NOVO;11505;CADEIRA                                 ;83024900       ;;;26741;CADEIRA ;7;MÓVEIS E UTENSÍLIOS                                         ;16-1;INTELLI IND. TERM. ELETR. - MONTAGGIO-LINHA DE MONTAGEM;9;APELIDO;11018053/0001-56;ABSOLUTA MOVEIS PARA ESCRITÓRIO LTDA ME                     ;11683;72;1;35250711018053000156550010000116831848930692      ;5;560;2800;2800;0;0;0;30/07/2025;21/08/2025;21/08/2025;495;8,24;486,76;0;0;486,76
NOVO;66491;CONJUNTO ESTOFADO DIRETOR               ;99999999       ;;;26742;CONJUNTO ESTOFADO DIRETOR ;7;MÓVEIS E UTENSÍLIOS                                         ;13-3;INTELLI IND.TERM.ELETR.LTDA - COBREAÇÃO-PORTARIA;9;APELIDO;12259056/0001-44;DANILO BELATO - ME                                          ;4839;72;1;35250712259056000144550010000048391931892600      ;1;270;270;270;0;0;0;31/07/2025;21/08/2025;21/08/2025;270;4,5;265,5;0;0;265,5
NOVO;66491;CONJUNTO ESTOFADO DIRETOR               ;99999999       ;;;26743;KIT BASE ERGONOMICA ;7;MÓVEIS E UTENSÍLIOS                                         ;13-3;INTELLI IND.TERM.ELETR.LTDA - COBREAÇÃO-PORTARIA;9;APELIDO;12259056/0001-44;DANILO BELATO - ME                                          ;4839;72;1;35250712259056000144550010000048391931892600      ;1;270;270;270;0;0;0;31/07/2025;21/08/2025;21/08/2025;240;4;236;0;0;236
NOVO;66491;CONJUNTO ESTOFADO DIRETOR               ;99999999       ;;;26744;BRAÇO FIXO CORSA ;7;MÓVEIS E UTENSÍLIOS                                         ;13-3;INTELLI IND.TERM.ELETR.LTDA - COBREAÇÃO-PORTARIA;9;APELIDO;12259056/0001-44;DANILO BELATO - ME                                          ;4839;72;1;35250712259056000144550010000048391931892600      ;1;270;270;270;0;0;0;31/07/2025;21/08/2025;21/08/2025;60;1;59;0;0;59
NOVO;97514;TELEFONE INTELBRAS PLENO RETO           ;99999999       ;;;26745;TELEFONE INTELBRAS PLENO RETO ;7;MÓVEIS E UTENSÍLIOS                                         ;14-8;INTELLI IND.TERM.ELETR.LTDA MULTIPLEX-PATRIMÔNIO;9;APELIDO;24318218/0001-57;WM AUTOMACAO & EQUIPAMENTOS LTDA.                           ;3740;72;1;35250824318218000157550010000037401043277007      ;2;71,82;143,64;143,64;0;0;0;07/08/2025;21/08/2025;21/08/2025;71,82;1,2;70,62;0;0;70,62
NOVO;97514;TELEFONE INTELBRAS PLENO RETO           ;99999999       ;;;26746;TELEFONE INTELBRAS PLENO RETO ;7;MÓVEIS E UTENSÍLIOS                                         ;14-8;INTELLI IND.TERM.ELETR.LTDA MULTIPLEX-PATRIMÔNIO;9;APELIDO;24318218/0001-57;WM AUTOMACAO & EQUIPAMENTOS LTDA.                           ;3740;72;1;35250824318218000157550010000037401043277007      ;2;71,82;143,64;143,64;0;0;0;07/08/2025;21/08/2025;21/08/2025;71,82;1,2;70,62;0;0;70,62
;106119;SWITCH 8 PORTAS 10 100 1000 TP LINK     ;85176239       ;;;26747;ROTEADOR TP LINK ARCHER C6 AC1200 DUAL ;1;EQUIPAMENTOS DE INFORMÁTICA                                 ;11-17;INTELLI IND.TERM.ELETR.LTDA - MATRIZ-TECNOLOGIA DA INFORM. E COMUNIC. T.I.C.;9;APELIDO;7075762/0001-04;GUSTAVO MANTOVANI NASCIMENTO - ME                           ;18315;72;1;35250807075762000104550010000183151077300684      ;1;205;205;205;0;0;0;19/08/2025;21/08/2025;21/08/2025;239;7,96;231,04;0;0;231,04
NOVO;11505;CADEIRA                                 ;83024900       ;;;26748;CADEIRAS ;7;MÓVEIS E UTENSÍLIOS                                         ;14-18;INTELLI IND.TERM.ELETR.LTDA MULTIPLEX-MULTIPLEX 2;9;APELIDO;11018053/0001-56;ABSOLUTA MOVEIS PARA ESCRITÓRIO LTDA ME                     ;11744;72;1;35250811018053000156550010000117441785218975      ;10;560;5600;5600;0;0;0;19/08/2025;21/08/2025;21/08/2025;560;9,34;550,66;0;0;550,66
NOVO;11505;CADEIRA                                 ;83024900       ;;;26749;CADEIRAS ;7;MÓVEIS E UTENSÍLIOS                                         ;14-18;INTELLI IND.TERM.ELETR.LTDA MULTIPLEX-MULTIPLEX 2;9;APELIDO;11018053/0001-56;ABSOLUTA MOVEIS PARA ESCRITÓRIO LTDA ME                     ;11744;72;1;35250811018053000156550010000117441785218975      ;10;560;5600;5600;0;0;0;19/08/2025;21/08/2025;21/08/2025;560;9,34;550,66;0;0;550,66
NOVO;11505;CADEIRA                                 ;83024900       ;;;26750;CADEIRAS ;7;MÓVEIS E UTENSÍLIOS                                         ;14-18;INTELLI IND.TERM.ELETR.LTDA MULTIPLEX-MULTIPLEX 2;9;APELIDO;11018053/0001-56;ABSOLUTA MOVEIS PARA ESCRITÓRIO LTDA ME                     ;11744;72;1;35250811018053000156550010000117441785218975      ;10;560;5600;5600;0;0;0;19/08/2025;21/08/2025;21/08/2025;560;9,34;550,66;0;0;550,66
NOVO;11505;CADEIRA                                 ;83024900       ;;;26751;CADEIRAS ;7;MÓVEIS E UTENSÍLIOS                                         ;14-18;INTELLI IND.TERM.ELETR.LTDA MULTIPLEX-MULTIPLEX 2;9;APELIDO;11018053/0001-56;ABSOLUTA MOVEIS PARA ESCRITÓRIO LTDA ME                     ;11744;72;1;35250811018053000156550010000117441785218975      ;10;560;5600;5600;0;0;0;19/08/2025;21/08/2025;21/08/2025;560;9,34;550,66;0;0;550,66
NOVO;11505;CADEIRA                                 ;83024900       ;;;26752;CADEIRAS ;7;MÓVEIS E UTENSÍLIOS                                         ;14-18;INTELLI IND.TERM.ELETR.LTDA MULTIPLEX-MULTIPLEX 2;9;APELIDO;11018053/0001-56;ABSOLUTA MOVEIS PARA ESCRITÓRIO LTDA ME                     ;11744;72;1;35250811018053000156550010000117441785218975      ;10;560;5600;5600;0;0;0;19/08/2025;21/08/2025;21/08/2025;560;9,34;550,66;0;0;550,66
NOVO;11505;CADEIRA                                 ;83024900       ;;;26753;CADEIRAS ;7;MÓVEIS E UTENSÍLIOS                                         ;14-18;INTELLI IND.TERM.ELETR.LTDA MULTIPLEX-MULTIPLEX 2;9;APELIDO;11018053/0001-56;ABSOLUTA MOVEIS PARA ESCRITÓRIO LTDA ME                     ;11744;72;1;35250811018053000156550010000117441785218975      ;10;560;5600;5600;0;0;0;19/08/2025;21/08/2025;21/08/2025;560;9,34;550,66;0;0;550,66
NOVO;11505;CADEIRA                                 ;83024900       ;;;26754;CADEIRAS ;7;MÓVEIS E UTENSÍLIOS                                         ;14-18;INTELLI IND.TERM.ELETR.LTDA MULTIPLEX-MULTIPLEX 2;9;APELIDO;11018053/0001-56;ABSOLUTA MOVEIS PARA ESCRITÓRIO LTDA ME                     ;11744;72;1;35250811018053000156550010000117441785218975      ;10;560;5600;5600;0;0;0;19/08/2025;21/08/2025;21/08/2025;560;9,34;550,66;0;0;550,66
NOVO;11505;CADEIRA                                 ;83024900       ;;;26755;CADEIRAS ;7;MÓVEIS E UTENSÍLIOS                                         ;14-18;INTELLI IND.TERM.ELETR.LTDA MULTIPLEX-MULTIPLEX 2;9;APELIDO;11018053/0001-56;ABSOLUTA MOVEIS PARA ESCRITÓRIO LTDA ME                     ;11744;72;1;35250811018053000156550010000117441785218975      ;10;560;5600;5600;0;0;0;19/08/2025;21/08/2025;21/08/2025;560;9,34;550,66;0;0;550,66
NOVO;11505;CADEIRA                                 ;83024900       ;;;26756;CADEIRAS ;7;MÓVEIS E UTENSÍLIOS                                         ;14-18;INTELLI IND.TERM.ELETR.LTDA MULTIPLEX-MULTIPLEX 2;9;APELIDO;11018053/0001-56;ABSOLUTA MOVEIS PARA ESCRITÓRIO LTDA ME                     ;11744;72;1;35250811018053000156550010000117441785218975      ;10;560;5600;5600;0;0;0;19/08/2025;21/08/2025;21/08/2025;560;9,34;550,66;0;0;550,66
NOVO;11505;CADEIRA                                 ;83024900       ;;;26757;CADEIRAS ;7;MÓVEIS E UTENSÍLIOS                                         ;14-18;INTELLI IND.TERM.ELETR.LTDA MULTIPLEX-MULTIPLEX 2;9;APELIDO;11018053/0001-56;ABSOLUTA MOVEIS PARA ESCRITÓRIO LTDA ME                     ;11744;72;1;35250811018053000156550010000117441785218975      ;10;560;5600;5600;0;0;0;19/08/2025;21/08/2025;21/08/2025;560;9,34;550,66;0;0;550,66
NOVO;11505;CADEIRA                                 ;83024900       ;;;26758;CADEIRA ;7;MÓVEIS E UTENSÍLIOS                                         ;17-7;INTELLI IND. TERM. ELETR. - COMMERCIALE-INJETORA;9;APELIDO;11018053/0001-56;ABSOLUTA MOVEIS PARA ESCRITÓRIO LTDA ME                     ;11744;72;1;35250811018053000156550010000117441785218975      ;10;560;5600;5600;0;0;0;19/08/2025;21/08/2025;21/08/2025;560;9,34;550,66;0;0;550,66
NOVO;11505;CADEIRA                                 ;83024900       ;;;26759;CADEIRA ;7;MÓVEIS E UTENSÍLIOS                                         ;17-7;INTELLI IND. TERM. ELETR. - COMMERCIALE-INJETORA;9;APELIDO;11018053/0001-56;ABSOLUTA MOVEIS PARA ESCRITÓRIO LTDA ME                     ;11744;72;1;35250811018053000156550010000117441785218975      ;10;560;5600;5600;0;0;0;19/08/2025;21/08/2025;21/08/2025;560;9,34;550,66;0;0;550,66
NOVO;11505;CADEIRA                                 ;83024900       ;;;26760;CADEIRA ;7;MÓVEIS E UTENSÍLIOS                                         ;17-7;INTELLI IND. TERM. ELETR. - COMMERCIALE-INJETORA;9;APELIDO;11018053/0001-56;ABSOLUTA MOVEIS PARA ESCRITÓRIO LTDA ME                     ;11744;72;1;35250811018053000156550010000117441785218975      ;10;560;5600;5600;0;0;0;19/08/2025;21/08/2025;21/08/2025;560;9,34;550,66;0;0;550,66
NOVO;11505;CADEIRA                                 ;83024900       ;;;26761;CADEIRA ;7;MÓVEIS E UTENSÍLIOS                                         ;17-7;INTELLI IND. TERM. ELETR. - COMMERCIALE-INJETORA;9;APELIDO;11018053/0001-56;ABSOLUTA MOVEIS PARA ESCRITÓRIO LTDA ME                     ;11744;72;1;35250811018053000156550010000117441785218975      ;10;560;5600;5600;0;0;0;19/08/2025;21/08/2025;21/08/2025;560;9,34;550,66;0;0;550,66
NOVO;11505;CADEIRA                                 ;83024900       ;;;26762;CADEIRA ;7;MÓVEIS E UTENSÍLIOS                                         ;17-7;INTELLI IND. TERM. ELETR. - COMMERCIALE-INJETORA;9;APELIDO;11018053/0001-56;ABSOLUTA MOVEIS PARA ESCRITÓRIO LTDA ME                     ;11744;72;1;35250811018053000156550010000117441785218975      ;10;560;5600;5600;0;0;0;19/08/2025;21/08/2025;21/08/2025;560;9,34;550,66;0;0;550,66
NOVO;11505;CADEIRA                                 ;83024900       ;;;26763;CADEIRA ;7;MÓVEIS E UTENSÍLIOS                                         ;17-7;INTELLI IND. TERM. ELETR. - COMMERCIALE-INJETORA;9;APELIDO;11018053/0001-56;ABSOLUTA MOVEIS PARA ESCRITÓRIO LTDA ME                     ;11744;72;1;35250811018053000156550010000117441785218975      ;10;560;5600;5600;0;0;0;19/08/2025;21/08/2025;21/08/2025;560;9,34;550,66;0;0;550,66
NOVO;11505;CADEIRA                                 ;83024900       ;;;26764;CADEIRA ;7;MÓVEIS E UTENSÍLIOS                                         ;17-7;INTELLI IND. TERM. ELETR. - COMMERCIALE-INJETORA;9;APELIDO;11018053/0001-56;ABSOLUTA MOVEIS PARA ESCRITÓRIO LTDA ME                     ;11744;72;1;35250811018053000156550010000117441785218975      ;10;560;5600;5600;0;0;0;19/08/2025;21/08/2025;21/08/2025;560;9,34;550,66;0;0;550,66
NOVO;83745;CADEIRA ERGONOMICA                      ;94042100       ;;;26765;CADEIRA ERGONOMICA ;7;MÓVEIS E UTENSÍLIOS                                         ;11-5;INTELLI IND.TERM.ELETR.LTDA - MATRIZ-COMPRAS;9;APELIDO;12259056/0001-44;DANILO BELATO - ME                                          ;4830;72;1;35250712259056000144550010000048301843968197      ;3;540;1620;1620;0;0;0;26/07/2025;22/08/2025;22/08/2025;540;9;531;0;0;531
NOVO;83745;CADEIRA ERGONOMICA                      ;94042100       ;;;26766;CADEIRA ERGONOMICA ;7;MÓVEIS E UTENSÍLIOS                                         ;11-5;INTELLI IND.TERM.ELETR.LTDA - MATRIZ-COMPRAS;9;APELIDO;12259056/0001-44;DANILO BELATO - ME                                          ;4830;72;1;35250712259056000144550010000048301843968197      ;3;540;1620;1620;0;0;0;26/07/2025;22/08/2025;22/08/2025;540;9;531;0;0;531
NOVO;83745;CADEIRA ERGONOMICA                      ;94042100       ;;;26767;CADEIRA ERGONOMICA ;7;MÓVEIS E UTENSÍLIOS                                         ;11-5;INTELLI IND.TERM.ELETR.LTDA - MATRIZ-COMPRAS;9;APELIDO;12259056/0001-44;DANILO BELATO - ME                                          ;4830;72;1;35250712259056000144550010000048301843968197      ;3;540;1620;1620;0;0;0;26/07/2025;22/08/2025;22/08/2025;540;9;531;0;0;531
NOVO;96287;PAQUIMETRO DIGITAL MITUTOYO 500-196-30B ;90173020       ;;;26768;PAQUIMETRO DIGITAL MITUTOYO 500-196-30B ;5;MÁQ EQUIP LABORATÓRIO - REAVAL                              ;14-11;INTELLI IND.TERM.ELETR.LTDA MULTIPLEX-SGI - SIST GESTÃO INTEGRADO;9;APELIDO;9353055/0001-50;TECNOFERRAMENTAS COMERCIAL, IMPORTAÇÃO E EXPORTAÇÃO LTDA    ;164640;65;1;35250709353055000150550000001646401002531646      ;1;923,32;923,32;923,32;0;0;0;30/07/2025;22/08/2025;22/08/2025;837,93;13,96;823,97;0;0;823,97
NOVO;96287;PAQUIMETRO DIGITAL MITUTOYO 500-196-30B ;90173020       ;;;26769;PAQUIMETRO DIGITAL MITUTOYO DE 0-300mm ;5;MÁQ EQUIP LABORATÓRIO - REAVAL                              ;14-11;INTELLI IND.TERM.ELETR.LTDA MULTIPLEX-SGI - SIST GESTÃO INTEGRADO;9;APELIDO;9353055/0001-50;TECNOFERRAMENTAS COMERCIAL, IMPORTAÇÃO E EXPORTAÇÃO LTDA    ;164640;65;1;35250709353055000150550000001646401002531646      ;1;923,32;923,32;923,32;0;0;0;30/07/2025;22/08/2025;22/08/2025;2620,14;43,66;2576,48;0;0;2576,48
NOVO;96287;PAQUIMETRO DIGITAL MITUTOYO 500-196-30B ;90173020       ;;;26770;PAQUIMETRO DIGITAL MITUTOYO DE 0-300mm ;5;MÁQ EQUIP LABORATÓRIO - REAVAL                              ;14-11;INTELLI IND.TERM.ELETR.LTDA MULTIPLEX-SGI - SIST GESTÃO INTEGRADO;9;APELIDO;9353055/0001-50;TECNOFERRAMENTAS COMERCIAL, IMPORTAÇÃO E EXPORTAÇÃO LTDA    ;164640;65;1;35250709353055000150550000001646401002531646      ;1;923,32;923,32;923,32;0;0;0;30/07/2025;22/08/2025;22/08/2025;2620,14;43,66;2576,48;0;0;2576,48
NOVO;127119;NOBREAK 700VA INTELBRAS ATTIV BIVOLT    ;85044040       ;;;26771;NOBREAK 700VA INTELBRAS ATTIV BIVOLT ;1;EQUIPAMENTOS DE INFORMÁTICA                                 ;11-17;INTELLI IND.TERM.ELETR.LTDA - MATRIZ-TECNOLOGIA DA INFORM. E COMUNIC. T.I.C.;9;APELIDO;7075762/0001-04;GUSTAVO MANTOVANI NASCIMENTO - ME                           ;18249;72;1;35250807075762000104550010000182491095585272      ;3;665;1995;1995;0;0;0;01/08/2025;22/08/2025;22/08/2025;665;22,16;642,84;0;0;642,84
NOVO;127119;NOBREAK 700VA INTELBRAS ATTIV BIVOLT    ;85044040       ;;;26772;NOBREAK 700VA INTELBRAS ATTIV BIVOLT ;1;EQUIPAMENTOS DE INFORMÁTICA                                 ;11-17;INTELLI IND.TERM.ELETR.LTDA - MATRIZ-TECNOLOGIA DA INFORM. E COMUNIC. T.I.C.;9;APELIDO;7075762/0001-04;GUSTAVO MANTOVANI NASCIMENTO - ME                           ;18249;72;1;35250807075762000104550010000182491095585272      ;3;665;1995;1995;0;0;0;01/08/2025;22/08/2025;22/08/2025;665;22,16;642,84;0;0;642,84
NOVO;127119;NOBREAK 700VA INTELBRAS ATTIV BIVOLT    ;85044040       ;;;26773;NOBREAK 700VA INTELBRAS ATTIV BIVOLT ;1;EQUIPAMENTOS DE INFORMÁTICA                                 ;11-17;INTELLI IND.TERM.ELETR.LTDA - MATRIZ-TECNOLOGIA DA INFORM. E COMUNIC. T.I.C.;9;APELIDO;7075762/0001-04;GUSTAVO MANTOVANI NASCIMENTO - ME                           ;18249;72;1;35250807075762000104550010000182491095585272      ;3;665;1995;1995;0;0;0;01/08/2025;22/08/2025;22/08/2025;665;22,16;642,84;0;0;642,84
NOVO;73362;ARMARIO ALTO C/ 2 PORTAS                ;94033000       ;;;26774;ARMARIO ALTO C/ 2 PORTAS ;7;MÓVEIS E UTENSÍLIOS                                         ;11-20;INTELLI IND.TERM.ELETR.LTDA - MATRIZ-COPA / CAFÉ;9;APELIDO;12259056/0001-44;DANILO BELATO - ME                                          ;4840;72;1;35250812259056000144550010000048401389631803      ;1;800;800;800;0;0;0;01/08/2025;22/08/2025;22/08/2025;800;13,34;786,66;0;0;786,66
USADO;23887;EMPILHADEIRA CLARK C300-HY CAP. 2.5T    ;84271019       ;;;26775;EMPILHADEIRA CLARK C300-HY CAP. 2.5T ;6;MÁQ EQUIP FABRICA - REAVAL                                  ;14-10;INTELLI IND.TERM.ELETR.LTDA MULTIPLEX-TRANSPORTE;9;APELIDO;49808421/0001-32;COPPERSTEEL BIMETALICOS LTDA                                ;175699;0;1;35250849808421000132550000001756991202508180      ;1;55000;55000;55000;0;0;0;22/08/2025;25/08/2025;25/08/2025;55000;916,66;54083,34;0;0;54083,34
USADO;23887;EMPILHADEIRA CLARK C300-HY CAP. 2.5T    ;84271019       ;;;26776;EMPILHADEIRA CLARK C300-HY CAP. 2.5T ;6;MÁQ EQUIP FABRICA - REAVAL                                  ;14-10;INTELLI IND.TERM.ELETR.LTDA MULTIPLEX-TRANSPORTE;9;APELIDO;49808421/0001-32;COPPERSTEEL BIMETALICOS LTDA                                ;175700;0;1;35250849808421000132550000001757001202508387      ;1;25000;25000;25000;0;0;0;22/08/2025;25/08/2025;25/08/2025;25000;416,66;24583,34;0;0;24583,34
USADO;137301;EQUIPAMENTO (INFUSER)                   ;84633000       ;;;26777;EQUIPAMENTO INFUSER ;6;MÁQ EQUIP FABRICA - REAVAL                                  ;14-15;INTELLI IND.TERM.ELETR.LTDA MULTIPLEX-MULTIPLEX 1;9;APELIDO;71527212/0001-70;BONANDI COMERCIO E REPRESENTACOES LTDA.                     ;2193;72;1;35250771527212000170550010000021931023213413      ;19;1580;30020;30020;6004;18;1080,72;08/07/2025;25/08/2025;25/08/2025;1523,12;25,38;1497,74;0;0;1497,74
USADO;137301;EQUIPAMENTO (INFUSER)                   ;84633000       ;;;26778;EQUIPAMENTO INFUSER ;6;MÁQ EQUIP FABRICA - REAVAL                                  ;14-15;INTELLI IND.TERM.ELETR.LTDA MULTIPLEX-MULTIPLEX 1;9;APELIDO;71527212/0001-70;BONANDI COMERCIO E REPRESENTACOES LTDA.                     ;2193;72;1;35250771527212000170550010000021931023213413      ;19;1580;30020;30020;6004;18;1080,72;08/07/2025;25/08/2025;25/08/2025;1523,12;25,38;1497,74;0;0;1497,74
USADO;137301;EQUIPAMENTO (INFUSER)                   ;84633000       ;;;26779;EQUIPAMENTO INFUSER ;6;MÁQ EQUIP FABRICA - REAVAL                                  ;14-15;INTELLI IND.TERM.ELETR.LTDA MULTIPLEX-MULTIPLEX 1;9;APELIDO;71527212/0001-70;BONANDI COMERCIO E REPRESENTACOES LTDA.                     ;2193;72;1;35250771527212000170550010000021931023213413      ;19;1580;30020;30020;6004;18;1080,72;08/07/2025;25/08/2025;25/08/2025;1523,12;25,38;1497,74;0;0;1497,74
USADO;137301;EQUIPAMENTO (INFUSER)                   ;84633000       ;;;26780;EQUIPAMENTO INFUSER ;6;MÁQ EQUIP FABRICA - REAVAL                                  ;14-15;INTELLI IND.TERM.ELETR.LTDA MULTIPLEX-MULTIPLEX 1;9;APELIDO;71527212/0001-70;BONANDI COMERCIO E REPRESENTACOES LTDA.                     ;2193;72;1;35250771527212000170550010000021931023213413      ;19;1580;30020;30020;6004;18;1080,72;08/07/2025;25/08/2025;25/08/2025;1523,12;25,38;1497,74;0;0;1497,74
USADO;137301;EQUIPAMENTO (INFUSER)                   ;84633000       ;;;26781;EQUIPAMENTO INFUSER ;6;MÁQ EQUIP FABRICA - REAVAL                                  ;14-15;INTELLI IND.TERM.ELETR.LTDA MULTIPLEX-MULTIPLEX 1;9;APELIDO;71527212/0001-70;BONANDI COMERCIO E REPRESENTACOES LTDA.                     ;2193;72;1;35250771527212000170550010000021931023213413      ;19;1580;30020;30020;6004;18;1080,72;08/07/2025;25/08/2025;25/08/2025;1523,12;25,38;1497,74;0;0;1497,74
USADO;137301;EQUIPAMENTO (INFUSER)                   ;84633000       ;;;26782;EQUIPAMENTO INFUSER ;6;MÁQ EQUIP FABRICA - REAVAL                                  ;14-15;INTELLI IND.TERM.ELETR.LTDA MULTIPLEX-MULTIPLEX 1;9;APELIDO;71527212/0001-70;BONANDI COMERCIO E REPRESENTACOES LTDA.                     ;2193;72;1;35250771527212000170550010000021931023213413      ;19;1580;30020;30020;6004;18;1080,72;08/07/2025;25/08/2025;25/08/2025;1523,12;25,38;1497,74;0;0;1497,74
USADO;137301;EQUIPAMENTO (INFUSER)                   ;84633000       ;;;26783;EQUIPAMENTO INFUSER ;6;MÁQ EQUIP FABRICA - REAVAL                                  ;14-15;INTELLI IND.TERM.ELETR.LTDA MULTIPLEX-MULTIPLEX 1;9;APELIDO;71527212/0001-70;BONANDI COMERCIO E REPRESENTACOES LTDA.                     ;2193;72;1;35250771527212000170550010000021931023213413      ;19;1580;30020;30020;6004;18;1080,72;08/07/2025;25/08/2025;25/08/2025;1523,12;25,38;1497,74;0;0;1497,74
USADO;137301;EQUIPAMENTO (INFUSER)                   ;84633000       ;;;26784;EQUIPAMENTO INFUSER ;6;MÁQ EQUIP FABRICA - REAVAL                                  ;14-15;INTELLI IND.TERM.ELETR.LTDA MULTIPLEX-MULTIPLEX 1;9;APELIDO;71527212/0001-70;BONANDI COMERCIO E REPRESENTACOES LTDA.                     ;2193;72;1;35250771527212000170550010000021931023213413      ;19;1580;30020;30020;6004;18;1080,72;08/07/2025;25/08/2025;25/08/2025;1523,12;25,38;1497,74;0;0;1497,74
USADO;137301;EQUIPAMENTO (INFUSER)                   ;84633000       ;;;26785;EQUIPAMENTO INFUSER ;6;MÁQ EQUIP FABRICA - REAVAL                                  ;14-15;INTELLI IND.TERM.ELETR.LTDA MULTIPLEX-MULTIPLEX 1;9;APELIDO;71527212/0001-70;BONANDI COMERCIO E REPRESENTACOES LTDA.                     ;2193;72;1;35250771527212000170550010000021931023213413      ;19;1580;30020;30020;6004;18;1080,72;08/07/2025;25/08/2025;25/08/2025;1523,12;25,38;1497,74;0;0;1497,74
USADO;137301;EQUIPAMENTO (INFUSER)                   ;84633000       ;;;26786;EQUIPAMENTO INFUSER ;6;MÁQ EQUIP FABRICA - REAVAL                                  ;14-15;INTELLI IND.TERM.ELETR.LTDA MULTIPLEX-MULTIPLEX 1;9;APELIDO;71527212/0001-70;BONANDI COMERCIO E REPRESENTACOES LTDA.                     ;2193;72;1;35250771527212000170550010000021931023213413      ;19;1580;30020;30020;6004;18;1080,72;08/07/2025;25/08/2025;25/08/2025;1523,12;25,38;1497,74;0;0;1497,74
USADO;137301;EQUIPAMENTO (INFUSER)                   ;84633000       ;;;26787;EQUIPAMENTO INFUSER ;6;MÁQ EQUIP FABRICA - REAVAL                                  ;14-15;INTELLI IND.TERM.ELETR.LTDA MULTIPLEX-MULTIPLEX 1;9;APELIDO;71527212/0001-70;BONANDI COMERCIO E REPRESENTACOES LTDA.                     ;2193;72;1;35250771527212000170550010000021931023213413      ;19;1580;30020;30020;6004;18;1080,72;08/07/2025;25/08/2025;25/08/2025;1523,12;25,38;1497,74;0;0;1497,74
USADO;137301;EQUIPAMENTO (INFUSER)                   ;84633000       ;;;26788;EQUIPAMENTO INFUSER ;6;MÁQ EQUIP FABRICA - REAVAL                                  ;14-15;INTELLI IND.TERM.ELETR.LTDA MULTIPLEX-MULTIPLEX 1;9;APELIDO;71527212/0001-70;BONANDI COMERCIO E REPRESENTACOES LTDA.                     ;2193;72;1;35250771527212000170550010000021931023213413      ;19;1580;30020;30020;6004;18;1080,72;08/07/2025;25/08/2025;25/08/2025;1523,12;25,38;1497,74;0;0;1497,74
USADO;137301;EQUIPAMENTO (INFUSER)                   ;84633000       ;;;26789;EQUIPAMENTO INFUSER ;6;MÁQ EQUIP FABRICA - REAVAL                                  ;14-15;INTELLI IND.TERM.ELETR.LTDA MULTIPLEX-MULTIPLEX 1;9;APELIDO;71527212/0001-70;BONANDI COMERCIO E REPRESENTACOES LTDA.                     ;2193;72;1;35250771527212000170550010000021931023213413      ;19;1580;30020;30020;6004;18;1080,72;08/07/2025;25/08/2025;25/08/2025;1523,12;25,38;1497,74;0;0;1497,74
USADO;137301;EQUIPAMENTO (INFUSER)                   ;84633000       ;;;26790;EQUIPAMENTO INFUSER ;6;MÁQ EQUIP FABRICA - REAVAL                                  ;14-15;INTELLI IND.TERM.ELETR.LTDA MULTIPLEX-MULTIPLEX 1;9;APELIDO;71527212/0001-70;BONANDI COMERCIO E REPRESENTACOES LTDA.                     ;2193;72;1;35250771527212000170550010000021931023213413      ;19;1580;30020;30020;6004;18;1080,72;08/07/2025;25/08/2025;25/08/2025;1523,12;25,38;1497,74;0;0;1497,74
USADO;137301;EQUIPAMENTO (INFUSER)                   ;84633000       ;;;26791;EQUIPAMENTO INFUSER ;6;MÁQ EQUIP FABRICA - REAVAL                                  ;14-15;INTELLI IND.TERM.ELETR.LTDA MULTIPLEX-MULTIPLEX 1;9;APELIDO;71527212/0001-70;BONANDI COMERCIO E REPRESENTACOES LTDA.                     ;2193;72;1;35250771527212000170550010000021931023213413      ;19;1580;30020;30020;6004;18;1080,72;08/07/2025;25/08/2025;25/08/2025;1523,12;25,38;1497,74;0;0;1497,74
USADO;137301;EQUIPAMENTO (INFUSER)                   ;84633000       ;;;26792;EQUIPAMENTO INFUSER ;6;MÁQ EQUIP FABRICA - REAVAL                                  ;14-15;INTELLI IND.TERM.ELETR.LTDA MULTIPLEX-MULTIPLEX 1;9;APELIDO;71527212/0001-70;BONANDI COMERCIO E REPRESENTACOES LTDA.                     ;2193;72;1;35250771527212000170550010000021931023213413      ;19;1580;30020;30020;6004;18;1080,72;08/07/2025;25/08/2025;25/08/2025;1523,12;25,38;1497,74;0;0;1497,74
USADO;137301;EQUIPAMENTO (INFUSER)                   ;84633000       ;;;26793;EQUIPAMENTO INFUSER ;6;MÁQ EQUIP FABRICA - REAVAL                                  ;14-15;INTELLI IND.TERM.ELETR.LTDA MULTIPLEX-MULTIPLEX 1;9;APELIDO;71527212/0001-70;BONANDI COMERCIO E REPRESENTACOES LTDA.                     ;2193;72;1;35250771527212000170550010000021931023213413      ;19;1580;30020;30020;6004;18;1080,72;08/07/2025;25/08/2025;25/08/2025;1523,12;25,38;1497,74;0;0;1497,74
USADO;137301;EQUIPAMENTO (INFUSER)                   ;84633000       ;;;26794;EQUIPAMENTO INFUSER ;6;MÁQ EQUIP FABRICA - REAVAL                                  ;14-15;INTELLI IND.TERM.ELETR.LTDA MULTIPLEX-MULTIPLEX 1;9;APELIDO;71527212/0001-70;BONANDI COMERCIO E REPRESENTACOES LTDA.                     ;2193;72;1;35250771527212000170550010000021931023213413      ;19;1580;30020;30020;6004;18;1080,72;08/07/2025;25/08/2025;25/08/2025;1523,12;25,38;1497,74;0;0;1497,74
USADO;137301;EQUIPAMENTO (INFUSER)                   ;84633000       ;;;26795;EQUIPAMENTO INFUSER ;6;MÁQ EQUIP FABRICA - REAVAL                                  ;14-15;INTELLI IND.TERM.ELETR.LTDA MULTIPLEX-MULTIPLEX 1;9;APELIDO;71527212/0001-70;BONANDI COMERCIO E REPRESENTACOES LTDA.                     ;2193;72;1;35250771527212000170550010000021931023213413      ;19;1580;30020;30020;6004;18;1080,72;08/07/2025;25/08/2025;25/08/2025;1523,12;25,38;1497,74;0;0;1497,74
NOVO;60782;CONJUNTO ESTOFADO SECRETARIA JS         ;99999999       ;;;26796;CONJUNTO ESTOFADO SECRETARIA JS ;7;MÓVEIS E UTENSÍLIOS                                         ;11-5;INTELLI IND.TERM.ELETR.LTDA - MATRIZ-COMPRAS;9;APELIDO;12259056/0001-44;DANILO BELATO - ME                                          ;4848;72;1;35250812259056000144550010000048481939583189      ;2;80;160;160;0;0;0;04/08/2025;25/08/2025;25/08/2025;80;1,34;78,66;0;0;78,66
NOVO;60782;CONJUNTO ESTOFADO SECRETARIA JS         ;99999999       ;;;26797;CONJUNTO ESTOFADO SECRETARIA JS ;7;MÓVEIS E UTENSÍLIOS                                         ;11-5;INTELLI IND.TERM.ELETR.LTDA - MATRIZ-COMPRAS;9;APELIDO;12259056/0001-44;DANILO BELATO - ME                                          ;4848;72;1;35250812259056000144550010000048481939583189      ;2;80;160;160;0;0;0;04/08/2025;25/08/2025;25/08/2025;80;1,34;78,66;0;0;78,66
NOVO;60782;CONJUNTO ESTOFADO SECRETARIA JS         ;99999999       ;;;26798;SECRETARIA PALITO ARCO DUPLO ;7;MÓVEIS E UTENSÍLIOS                                         ;11-5;INTELLI IND.TERM.ELETR.LTDA - MATRIZ-COMPRAS;9;APELIDO;12259056/0001-44;DANILO BELATO - ME                                          ;4848;72;1;35250812259056000144550010000048481939583189      ;2;80;160;160;0;0;0;04/08/2025;25/08/2025;25/08/2025;80;1,34;78,66;0;0;78,66
NOVO;60782;CONJUNTO ESTOFADO SECRETARIA JS         ;99999999       ;;;26799;SECRETARIA PALITO ARCO DUPLO ;7;MÓVEIS E UTENSÍLIOS                                         ;11-5;INTELLI IND.TERM.ELETR.LTDA - MATRIZ-COMPRAS;9;APELIDO;12259056/0001-44;DANILO BELATO - ME                                          ;4848;72;1;35250812259056000144550010000048481939583189      ;2;80;160;160;0;0;0;04/08/2025;25/08/2025;25/08/2025;80;1,34;78,66;0;0;78,66
NOVO;126037;APARADOR 1,20 X 0,35 X 0,80             ;94033000       ;;;26800;APARADOR 1,20 X 0,35 X 0,80 ;7;MÓVEIS E UTENSÍLIOS                                         ;14-8;INTELLI IND.TERM.ELETR.LTDA MULTIPLEX-PATRIMÔNIO;9;APELIDO;12259056/0001-44;DANILO BELATO - ME                                          ;4847;72;1;35250812259056000144550010000048471347097915      ;1;470;470;470;0;0;0;04/08/2025;25/08/2025;25/08/2025;470;7,84;462,16;0;0;462,16
NOVO;23837;VENTILADOR MODELO 60CM PEDESTAL         ;84145990       ;;;26801;VENTILADOR MODELO 60CM PEDESTAL ;7;MÓVEIS E UTENSÍLIOS                                         ;14-17;INTELLI IND.TERM.ELETR.LTDA MULTIPLEX-MANUTENÇÃO ELÉTRICA;9;APELIDO;5590919/0001-04;D. JARRETA CONSTRUCOES                                      ;21998;72;1;35250805590919000104550010000219981119570592      ;2;545;1090;1090;0;0;0;11/08/2025;25/08/2025;25/08/2025;545;9,08;535,92;0;0;535,92
NOVO;23837;VENTILADOR MODELO 60CM PEDESTAL         ;84145990       ;;;26802;VENTILADOR MODELO 60CM PEDESTAL ;7;MÓVEIS E UTENSÍLIOS                                         ;14-17;INTELLI IND.TERM.ELETR.LTDA MULTIPLEX-MANUTENÇÃO ELÉTRICA;9;APELIDO;5590919/0001-04;D. JARRETA CONSTRUCOES                                      ;21998;72;1;35250805590919000104550010000219981119570592      ;2;545;1090;1090;0;0;0;11/08/2025;25/08/2025;25/08/2025;545;9,08;535,92;0;0;535,92
NOVO;23837;VENTILADOR MODELO 60CM PEDESTAL         ;84145990       ;;;26803;VENTILADOR PAREDE 60CM BIVOLT ;7;MÓVEIS E UTENSÍLIOS                                         ;14-17;INTELLI IND.TERM.ELETR.LTDA MULTIPLEX-MANUTENÇÃO ELÉTRICA;9;APELIDO;5590919/0001-04;D. JARRETA CONSTRUCOES                                      ;21998;72;1;35250805590919000104550010000219981119570592      ;2;545;1090;1090;0;0;0;11/08/2025;25/08/2025;25/08/2025;430;7,16;422,84;0;0;422,84
NOVO;23837;VENTILADOR MODELO 60CM PEDESTAL         ;84145990       ;;;26804;VENTILADOR PAREDE 60CM BIVOLT ;7;MÓVEIS E UTENSÍLIOS                                         ;14-17;INTELLI IND.TERM.ELETR.LTDA MULTIPLEX-MANUTENÇÃO ELÉTRICA;9;APELIDO;5590919/0001-04;D. JARRETA CONSTRUCOES                                      ;21998;72;1;35250805590919000104550010000219981119570592      ;2;545;1090;1090;0;0;0;11/08/2025;25/08/2025;25/08/2025;430;7,16;422,84;0;0;422,84
